timestep,duration,speed,x_velo_mf,y_velo_mf,x_pos_sf,y_pos_sf,x_pos_nh,y_pos_nh,heading_mf,heading_sf,x_pos_odo,y_pos_odo,heading_odo
295.088989,0.098999,0.000468,0.000150,0.000443,0.000015,0.000044,0.000000,0.000000,1.245014,1.245014,947460.000000,533818.000000,0.052914
295.187988,0.101013,0.000603,0.000132,0.000588,0.000013,0.000059,0.000015,-0.000044,1.350749,1.350749,947460.000000,533817.000000,0.053055
295.289001,0.100006,0.000980,0.000457,-0.000867,0.000046,-0.000087,0.000028,-0.000103,5.197394,5.197394,947460.000000,533817.000000,0.053207
295.389008,0.098999,1.088203,1.086809,0.055074,0.107593,0.005452,0.000074,-0.000017,0.050632,0.050632,947460.000000,533817.000000,0.053329
295.488007,0.100983,1.260101,1.260082,-0.007002,0.127246,-0.000707,0.107667,-0.005469,6.277629,6.277629,947460.000000,533817.000000,0.053411
295.588989,0.100006,1.327621,1.327611,0.005234,0.132769,0.000523,0.234913,-0.004762,0.003942,0.003942,947460.000000,533817.000000,0.053475
295.688995,0.100006,1.375454,1.370077,0.121507,0.137016,0.012151,0.367682,-0.005285,0.088455,0.088455,947460.000000,533817.000000,0.053580
295.789001,0.100006,1.420383,1.408424,0.183927,0.140851,0.018394,0.504698,-0.017437,0.129855,0.129855,947461.000000,533817.000000,0.053791
295.889008,0.098999,1.424096,1.420050,0.107275,0.140584,0.010620,0.645550,-0.035831,0.075400,0.075400,947461.000000,533817.000000,0.054042
295.988007,0.100983,1.432787,1.432678,0.017609,0.144676,0.001778,0.786133,-0.046451,0.012290,0.012290,947461.000000,533817.000000,0.054214
296.088989,0.098999,1.440151,1.438851,0.061170,0.142445,0.006056,0.930809,-0.048229,0.042488,0.042488,947461.000000,533817.000000,0.054327
296.187988,0.101013,1.474796,1.469660,0.122981,0.148455,0.012423,1.073254,-0.054285,0.083485,0.083485,947461.000000,533817.000000,0.054443
296.289001,0.098999,1.398190,1.398073,0.018075,0.138408,0.001789,1.221709,-0.066707,0.012928,0.012928,947461.000000,533817.000000,0.054592
296.388000,0.100006,1.420200,1.420133,-0.013852,0.142022,-0.001385,1.360116,-0.068497,6.273432,6.273432,947461.000000,533817.000000,0.054735
296.488007,0.100006,1.348387,1.348310,-0.014358,0.134839,-0.001436,1.502138,-0.067111,6.272537,6.272537,947462.000000,533817.000000,-0.054822
296.588013,0.100983,1.405075,1.404708,0.032113,0.141851,0.003243,1.636978,-0.065676,0.022857,0.022857,947462.000000,533817.000000,-0.054723
296.688995,0.098999,1.398828,1.394643,-0.108120,0.138068,-0.010704,1.778829,-0.068918,6.205815,6.205815,947462.000000,533817.000000,-0.054624
296.787994,0.100006,1.431459,1.431450,0.005157,0.143154,0.000516,1.916897,-0.058215,0.003603,0.003603,947462.000000,533817.000000,-0.054488
296.888000,0.100006,1.447837,1.447836,-0.001256,0.144792,-0.000126,2.060051,-0.058730,6.282318,6.282318,947462.000000,533817.000000,-0.054334
296.988007,0.100006,1.539966,1.538651,-0.063639,0.153874,-0.006364,2.204843,-0.058605,6.241848,6.241848,947462.000000,533817.000000,-0.054176
297.088013,0.099976,1.498039,1.492168,-0.132490,0.149180,-0.013246,2.358717,-0.052240,6.194627,6.194627,947463.000000,533817.000000,-0.054050
297.187988,0.100006,1.647664,1.633270,-0.217313,0.163337,-0.021733,2.507898,-0.038995,6.150908,6.150908,947463.000000,533817.000000,-0.053946
297.287994,0.101013,1.754478,1.749357,-0.133958,0.176708,-0.013532,2.671235,-0.017262,6.206759,6.206759,947463.000000,533817.000000,-0.053815
297.389008,0.098999,1.733484,1.732664,0.053326,0.171532,0.005279,2.847943,-0.003731,0.030767,0.030767,947463.000000,533817.000000,-0.053667
297.488007,0.100006,1.924303,1.924293,-0.006146,0.192441,-0.000615,3.019475,-0.009010,6.279992,6.279992,947463.000000,533817.000000,-0.053435
297.588013,0.099976,1.860911,1.860767,0.023153,0.186031,0.002315,3.211916,-0.008395,0.012442,0.012442,947464.000000,533817.000000,-0.053215
297.687988,0.101013,1.898947,1.889591,-0.188277,0.190874,-0.019019,3.397947,-0.010710,6.183874,6.183874,947464.000000,533817.000000,-0.053061
297.789001,0.098999,1.950574,1.950504,0.016522,0.193098,0.001636,3.588821,0.008309,0.008470,0.008470,947464.000000,533817.000000,-0.052889
297.888000,0.100006,1.977456,1.968547,-0.187497,0.196867,-0.018751,3.781919,0.006673,6.188225,6.188225,947464.000000,533817.000000,-0.052666
297.988007,0.100983,1.949015,1.946837,-0.092116,0.196597,-0.009302,3.978786,0.025424,6.235905,6.235905,947464.000000,533817.000000,-0.052432
298.088989,0.098999,2.018296,1.991795,-0.325993,0.197186,-0.032273,4.175383,0.034726,6.120956,6.120956,947465.000000,533817.000000,-0.052270
298.187988,0.101013,2.039714,2.035568,-0.129993,0.205619,-0.013131,4.372569,0.066999,6.219411,6.219411,947465.000000,533817.000000,-0.052117
298.289001,0.098999,1.894233,1.888973,-0.141071,0.187006,-0.013966,4.578188,0.080130,6.208642,6.208642,947465.000000,533817.000000,-0.051922
298.388000,0.100006,2.119730,2.103670,-0.260443,0.210380,-0.026046,4.765194,0.094096,6.160008,6.160008,947465.000000,533817.000000,-0.051705
298.488007,0.100983,1.981966,1.972020,-0.198317,0.199140,-0.020027,4.975574,0.120142,6.182957,6.182957,947465.000000,533817.000000,-0.051496
298.588989,0.098999,2.078242,2.075478,-0.107161,0.205470,-0.010609,5.174714,0.140168,6.231599,6.231599,947466.000000,533817.000000,-0.051245
298.687988,0.100006,2.076262,2.059473,-0.263500,0.205960,-0.026352,5.380184,0.150777,6.155931,6.155931,947466.000000,533817.000000,-0.050979
298.787994,0.100006,2.030568,2.027146,-0.117835,0.202727,-0.011784,5.586143,0.177129,6.225122,6.225122,947466.000000,533817.000000,-0.050745
298.888000,0.100006,2.078923,2.070372,-0.188367,0.207050,-0.018838,5.788870,0.188913,6.192453,6.192453,947466.000000,533817.000000,-0.050539
298.988007,0.100006,2.062695,2.060078,-0.103867,0.206020,-0.010387,5.995920,0.207751,6.232809,6.232809,947467.000000,533817.000000,-0.050320
299.088013,0.099976,2.115603,2.103878,-0.222426,0.210336,-0.022237,6.201941,0.218138,6.177855,6.177855,947467.000000,533817.000000,-0.050084
299.187988,0.100006,2.082118,2.063953,-0.274428,0.206408,-0.027445,6.412277,0.240375,6.150998,6.150998,947467.000000,533817.000000,-0.049875
299.287994,0.100006,2.108199,2.093467,-0.248798,0.209359,-0.024881,6.618685,0.267820,6.164896,6.164896,947467.000000,533817.000000,-0.049692
299.388000,0.100006,2.054209,2.044472,-0.199766,0.204460,-0.019978,6.828044,0.292701,6.185784,6.185784,947467.000000,533817.000000,-0.049485
299.488007,0.100983,2.008792,2.003892,-0.140214,0.202358,-0.014159,7.032504,0.312679,6.213328,6.213328,947468.000000,533817.000000,-0.049250
299.588989,0.098999,2.154809,2.150610,-0.134448,0.212908,-0.013310,7.234862,0.326838,6.220750,6.220750,947468.000000,533818.000000,-0.049037
299.687988,0.100006,2.034586,2.032743,-0.086592,0.203287,-0.008660,7.447771,0.340148,6.240613,6.240613,947468.000000,533818.000000,-0.048793
299.787994,0.105011,1.996806,1.995640,-0.068249,0.209564,-0.007167,7.651057,0.348808,6.249000,6.249000,947468.000000,533818.000000,-0.048552
299.893005,0.095001,1.996322,1.994452,0.086392,0.189475,0.008207,7.860621,0.355975,0.043289,0.043289,947468.000000,533818.000000,-0.048312
299.988007,0.100006,1.999933,1.988764,0.211063,0.198889,0.021108,8.050097,0.347767,0.105732,0.105732,947469.000000,533818.000000,-0.048141
300.088013,0.099976,2.060848,2.059164,-0.083307,0.205866,-0.008329,8.248985,0.326660,6.242751,6.242751,947469.000000,533818.000000,-0.047983
300.187988,0.100006,2.055828,2.050976,0.141168,0.205110,0.014118,8.454851,0.334989,0.068721,0.068721,947469.000000,533818.000000,-0.047806
300.287994,0.100006,2.111708,2.111356,-0.038568,0.211148,-0.003857,8.659962,0.320871,6.264920,6.264920,947469.000000,533818.000000,-0.047626
300.388000,0.101013,2.034063,2.014049,0.284643,0.203445,0.028753,8.871110,0.324728,0.140399,0.140399,947469.000000,533818.000000,-0.047469
300.489014,0.099976,2.188016,2.182090,-0.160928,0.218156,-0.016089,9.074555,0.295975,6.209569,6.209569,947470.000000,533818.000000,-0.047305
300.588989,0.100006,1.988974,1.984531,0.132875,0.198465,0.013288,9.292711,0.312064,0.066856,0.066856,947470.000000,533818.000000,-0.047175
300.688995,0.098999,2.086544,2.086403,0.024276,0.206552,0.002403,9.491177,0.298776,0.011635,0.011635,947470.000000,533818.000000,-0.047097
300.787994,0.101013,2.092133,2.082213,0.203493,0.210331,0.020555,9.697728,0.296372,0.097420,0.097420,947470.000000,533818.000000,-0.047012
300.889008,0.098999,2.120546,2.087631,0.372174,0.206673,0.036845,9.908059,0.275817,0.176422,0.176422,947471.000000,533818.000000,-0.046847
300.988007,0.100006,2.055017,2.029311,0.324027,0.202943,0.032405,10.114733,0.238972,0.158337,0.158337,947471.000000,533819.000000,-0.046793
301.088013,0.099976,2.027003,1.979501,0.436250,0.197902,0.043614,10.317677,0.206567,0.216917,0.216917,947471.000000,533819.000000,-0.046778
301.187988,0.101013,2.059533,2.045020,0.244065,0.206574,0.024654,10.515578,0.162953,0.118784,0.118784,947471.000000,533819.000000,-0.046665
301.289001,0.098999,1.981852,1.962313,0.277605,0.194267,0.027483,10.722153,0.138299,0.140536,0.140536,947471.000000,533819.000000,-0.046586
301.388000,0.100006,1.987771,1.985150,0.102038,0.198527,0.010204,10.916420,0.110817,0.051356,0.051356,947472.000000,533819.000000,-0.046715
301.488007,0.100006,2.044936,2.038411,0.163228,0.203854,0.016324,11.114947,0.100612,0.079905,0.079905,947472.000000,533819.000000,-0.046968
301.588013,0.099976,2.049632,2.042578,0.169907,0.204208,0.016987,11.318801,0.084288,0.082992,0.082992,947472.000000,533819.000000,-0.047127
301.687988,0.100006,2.008668,2.003538,0.143456,0.200366,0.014347,11.523009,0.067302,0.071479,0.071479,947472.000000,533819.000000,-0.047241
301.787994,0.100006,2.083412,2.081925,0.078687,0.208205,0.007869,11.723375,0.052955,0.037778,0.037778,947472.000000,533819.000000,-0.047383
301.888000,0.101013,2.006864,2.004669,0.093829,0.202498,0.009478,11.931581,0.045086,0.046771,0.046771,947472.000000,533820.000000,-0.047549
301.989014,0.099976,2.087606,2.084752,0.109128,0.208424,0.010910,12.134079,0.035608,0.052298,0.052298,947473.000000,533820.000000,-0.047693
302.088989,0.098999,2.029595,2.024962,0.137066,0.200469,0.013569,12.342504,0.024698,0.067585,0.067585,947473.000000,533820.000000,-0.047779
302.187988,0.100006,2.026679,2.019593,0.169325,0.201972,0.016934,12.542973,0.011129,0.083645,0.083645,947473.000000,533820.000000,-0.047859
302.287994,0.100006,2.020386,2.020375,0.006622,0.202050,0.000662,12.744945,-0.005805,0.003278,0.003278,947473.000000,533820.000000,-0.048044
302.388000,0.101013,2.077919,2.070397,-0.176635,0.209137,-0.017842,12.946995,-0.006467,6.198077,6.198077,947473.000000,533820.000000,-0.048253
302.489014,0.098999,2.088017,2.076993,0.214282,0.205620,0.021214,13.156132,0.011375,0.102806,0.102806,947474.000000,533820.000000,-0.048367
302.588013,0.099976,2.037204,2.036924,-0.033727,0.203643,-0.003372,13.361752,-0.009838,6.266629,6.266629,947474.000000,533820.000000,-0.048422
302.687988,0.100006,2.080790,2.079512,0.072925,0.207964,0.007293,13.565394,-0.006467,0.035054,0.035054,947474.000000,533820.000000,-0.048555
302.787994,0.100006,2.040919,2.040213,0.053684,0.204034,0.005369,13.773358,-0.013760,0.026307,0.026307,947474.000000,533820.000000,-0.048681
302.888000,0.100006,2.104843,2.103456,0.076398,0.210358,0.007640,13.977392,-0.019128,0.036304,0.036304,947474.000000,533820.000000,-0.048761
302.988007,0.100006,2.065728,2.065425,0.035357,0.206555,0.003536,14.187751,-0.026769,0.017117,0.017117,947475.000000,533821.000000,-0.048816
303.088013,0.099976,2.078991,2.077163,0.087166,0.207666,0.008714,14.394306,-0.030305,0.041939,0.041939,947475.000000,533821.000000,-0.048884
303.187988,0.100006,2.084908,2.083596,0.073952,0.208372,0.007396,14.601972,-0.039019,0.035478,0.035478,947475.000000,533821.000000,-0.048976
303.287994,0.100006,2.105882,2.103248,-0.105302,0.210338,-0.010531,14.810344,-0.046415,6.233161,6.233161,947475.000000,533821.000000,-0.049050
303.388000,0.100006,2.080410,2.079787,-0.050927,0.207991,-0.005093,15.020681,-0.035884,6.258704,6.258704,947475.000000,533821.000000,-0.049122
303.488007,0.100006,2.103731,2.099355,-0.135624,0.209948,-0.013563,15.228673,-0.030791,6.218672,6.218672,947476.000000,533821.000000,-0.049226
303.588013,0.099976,2.009587,2.004681,0.140325,0.200419,0.014029,15.438622,-0.017228,0.069885,0.069885,947476.000000,533821.000000,-0.049309
303.687988,0.100006,2.020109,2.018254,-0.086556,0.201838,-0.008656,15.639041,-0.031257,6.240325,6.240325,947476.000000,533821.000000,-0.049374
303.787994,0.100006,2.156568,2.149625,0.172908,0.214976,0.017292,15.840878,-0.022601,0.080263,0.080263,947476.000000,533821.000000,-0.049458
303.888000,0.101013,2.062033,2.060235,-0.086080,0.208111,-0.008695,16.055855,-0.039892,6.241428,6.241428,947476.000000,533821.000000,-0.049568
303.989014,0.098999,2.131362,2.131353,0.006341,0.211002,0.000628,16.263966,-0.031197,0.002975,0.002975,947477.000000,533821.000000,-0.049677
304.088013,0.100983,2.077557,2.077553,-0.003973,0.209797,-0.000401,16.474968,-0.031825,6.281273,6.281273,947477.000000,533821.000000,-0.049742
304.188995,0.098999,2.235585,2.230725,0.147333,0.220840,0.014586,16.684765,-0.031424,0.065951,0.065951,947477.000000,533822.000000,-0.049831
304.287994,0.100006,2.098761,2.088596,-0.206314,0.208872,-0.020633,16.905605,-0.046009,6.184723,6.184723,947477.000000,533822.000000,-0.049953
304.388000,0.100006,2.171410,2.167525,-0.129838,0.216766,-0.012985,17.114477,-0.025377,6.223355,6.223355,947478.000000,533822.000000,-0.050050
304.488007,0.100006,2.103483,2.097307,-0.161072,0.209744,-0.016108,17.331244,-0.012392,6.206536,6.206536,947478.000000,533822.000000,-0.050137
304.588013,0.100983,2.162270,2.162121,0.025403,0.218337,0.002565,17.540987,0.003716,0.011749,0.011749,947478.000000,533822.000000,-0.050244
304.688995,0.098999,2.070140,2.065098,-0.144389,0.204443,-0.014294,17.759323,0.001151,6.213380,6.213380,947478.000000,533822.000000,-0.050339
304.787994,0.100006,2.117728,2.113393,-0.135431,0.211352,-0.013544,17.963766,0.015445,6.219191,6.219191,947478.000000,533822.000000,-0.050428
304.888000,0.100006,2.184206,2.147485,-0.398826,0.214762,-0.039885,18.175117,0.028989,6.099560,6.099560,947479.000000,533822.000000,-0.050557
304.988007,0.100006,2.090913,2.075081,-0.256817,0.207521,-0.025683,18.389879,0.068874,6.160049,6.160049,947479.000000,533822.000000,-0.050728
305.088013,0.099976,2.165618,2.135709,-0.358680,0.213519,-0.035859,18.597401,0.094557,6.116794,6.116794,947479.000000,533822.000000,-0.050950
305.187988,0.100006,2.095960,2.086410,-0.199853,0.208654,-0.019986,18.810919,0.130416,6.187689,6.187689,947479.000000,533822.000000,-0.051138
305.287994,0.100006,2.107768,2.095245,-0.229421,0.209537,-0.022943,19.019573,0.150403,6.174124,6.174124,947479.000000,533822.000000,-0.051325
305.388000,0.100006,2.147476,2.121549,-0.332694,0.212168,-0.033271,19.229111,0.173346,6.127635,6.127635,947480.000000,533822.000000,-0.051463
305.488007,0.100006,2.064259,2.063799,-0.043591,0.206392,-0.004359,19.441278,0.206618,6.262066,6.262066,947480.000000,533822.000000,-0.051572
305.588013,0.103973,2.112263,2.110608,0.083614,0.219447,0.008694,19.647671,0.210977,0.039595,0.039595,947480.000000,533822.000000,-0.051734
305.691986,0.096008,2.107058,2.093656,-0.237272,0.201008,-0.022780,19.867117,0.202284,6.170338,6.170338,947480.000000,533822.000000,-0.051951
305.787994,0.100006,2.137074,2.120513,-0.265539,0.212064,-0.026556,20.068125,0.225064,6.158610,6.158610,947480.000000,533823.000000,-0.052224
305.888000,0.101013,2.118962,2.098862,-0.291168,0.212013,-0.029412,20.280190,0.251619,6.145339,6.145339,947481.000000,533823.000000,-0.052481
305.989014,0.098999,2.167535,2.164630,-0.112184,0.214296,-0.011106,20.492203,0.281031,6.231406,6.231406,947481.000000,533823.000000,-0.052696
306.088013,0.099976,2.042403,2.039468,0.109445,0.203897,0.010942,20.706499,0.292137,0.053612,0.053612,947481.000000,533823.000000,-0.052896
306.187988,0.100006,2.143831,2.114195,-0.355236,0.211432,-0.035526,20.910397,0.281195,6.116716,6.116716,947481.000000,533823.000000,-0.053092
306.287994,0.101013,2.088197,2.074061,-0.242558,0.209508,-0.024502,21.121828,0.316721,6.166766,6.166766,947482.000000,533823.000000,-0.053341
306.389008,0.098999,2.057644,2.051355,-0.160750,0.203082,-0.015914,21.331335,0.341223,6.204982,6.204982,947482.000000,533823.000000,-0.053626
306.488007,0.100006,2.073830,2.049474,-0.316899,0.204960,-0.031692,21.534418,0.357137,6.129776,6.129776,947482.000000,533823.000000,-0.053901
306.588013,0.099976,2.073472,2.062847,-0.209636,0.206234,-0.020958,21.739378,0.388829,6.181909,6.181909,947482.000000,533823.000000,-0.054157
306.687988,0.100006,2.123385,2.115922,-0.177879,0.211605,-0.017789,21.945612,0.409787,6.199316,6.199316,947482.000000,533823.000000,-0.054381
306.787994,0.100006,2.104128,2.099565,-0.138493,0.209969,-0.013850,22.157217,0.427576,6.217318,6.217318,947483.000000,533823.000000,-0.054596
306.888000,0.100006,2.205778,2.205692,0.019506,0.220583,0.001951,22.367186,0.441426,0.008843,0.008843,947483.000000,533823.000000,-0.054810
306.988007,0.100006,2.008357,2.008323,0.011738,0.200845,0.001174,22.587769,0.439476,0.005844,0.005844,947483.000000,533823.000000,0.054638
307.088013,0.099976,2.156644,2.156073,0.049648,0.215555,0.004964,22.788612,0.438302,0.023023,0.023023,947483.000000,533823.000000,0.054437
307.187988,0.100006,2.147253,2.147029,-0.030990,0.214716,-0.003099,23.004168,0.433338,6.268753,6.268753,947483.000000,533823.000000,0.054182
307.287994,0.101013,2.149548,2.135786,0.242844,0.215743,0.024530,23.218884,0.436437,0.113216,0.113216,947484.000000,533823.000000,0.053908
307.389008,0.098999,2.132157,2.126829,0.150637,0.210554,0.014913,23.434626,0.411907,0.070709,0.070709,947484.000000,533823.000000,0.053644
307.488007,0.100006,2.158019,2.151025,0.173601,0.215116,0.017361,23.645180,0.396994,0.080531,0.080531,947484.000000,533823.000000,0.053408
307.588013,0.099976,2.184133,2.168981,0.256821,0.216845,0.025676,23.860296,0.379633,0.117858,0.117858,947484.000000,533823.000000,0.053230
307.687988,0.100006,2.196079,2.187202,0.197258,0.218734,0.019727,24.077141,0.353957,0.089944,0.089944,947485.000000,533823.000000,0.053033
307.787994,0.100006,2.065070,2.064935,0.023578,0.206506,0.002358,24.295874,0.334230,0.011418,0.011418,947485.000000,533823.000000,0.052801
307.888000,0.100006,2.134935,2.128294,0.168261,0.212842,0.016827,24.502380,0.331872,0.078895,0.078895,947485.000000,533823.000000,0.052544
307.988007,0.100006,2.186023,2.162628,0.318964,0.216276,0.031898,24.715223,0.315045,0.146433,0.146433,947485.000000,533823.000000,0.052315
308.088013,0.099976,2.152556,2.135049,0.273977,0.213453,0.027391,24.931499,0.283147,0.127626,0.127626,947485.000000,533823.000000,0.052144
308.187988,0.100006,2.230631,2.191225,0.417431,0.219136,0.041746,25.144953,0.255756,0.188246,0.188246,947486.000000,533823.000000,0.051973
308.287994,0.100006,2.132886,2.124884,0.184580,0.212501,0.018459,25.364088,0.214010,0.086649,0.086649,947486.000000,533823.000000,0.051751
308.388000,0.101013,2.105378,2.104368,0.065207,0.212569,0.006587,25.576590,0.195551,0.030977,0.030977,947486.000000,533823.000000,0.051544
308.489014,0.098999,2.113714,2.101960,0.222607,0.208092,0.022038,25.789158,0.188964,0.105511,0.105511,947486.000000,533823.000000,0.051311
308.588013,0.100983,2.161007,2.148786,0.229499,0.216990,0.023175,25.997250,0.166926,0.106401,0.106401,947487.000000,533823.000000,0.051055
308.688995,0.100006,2.136736,2.136264,0.044879,0.213639,0.004488,26.214239,0.143751,0.021005,0.021005,947487.000000,533823.000000,0.050816
308.789001,0.098999,2.079482,2.075439,0.129607,0.205466,0.012831,26.427879,0.139263,0.062367,0.062367,947487.000000,533823.000000,0.050628
308.888000,0.101013,2.190943,2.162037,0.354717,0.218394,0.035831,26.633347,0.126432,0.162617,0.162617,947487.000000,533823.000000,0.050425
308.989014,0.098999,2.204262,2.185761,0.284988,0.216388,0.028214,26.851742,0.090601,0.129653,0.129653,947487.000000,533823.000000,0.050190
309.088013,0.099976,2.179337,2.153762,0.332897,0.215324,0.033282,27.068130,0.062387,0.153352,0.153352,947488.000000,533823.000000,0.049989
309.187988,0.100006,2.190635,2.156107,0.387409,0.215624,0.038743,27.283455,0.029105,0.177783,0.177783,947488.000000,533823.000000,0.049796
309.287994,0.100006,2.160693,2.147316,0.240062,0.214745,0.024008,27.499079,-0.009638,0.111334,0.111334,947488.000000,533823.000000,0.049571
309.388000,0.100006,2.127106,2.119318,0.181849,0.211945,0.018186,27.713823,-0.033646,0.085596,0.085596,947488.000000,533823.000000,0.049308
309.488007,0.100006,2.089296,2.083661,0.153342,0.208379,0.015335,27.925768,-0.051832,0.073460,0.073460,947489.000000,533823.000000,0.049065
309.588013,0.099976,2.110031,2.095325,0.248684,0.209481,0.024862,28.134148,-0.067167,0.118132,0.118132,947489.000000,533823.000000,0.048842
309.687988,0.100006,2.153779,2.153655,0.023155,0.215379,0.002316,28.343630,-0.092029,0.010751,0.010751,947489.000000,533823.000000,0.048616
309.787994,0.101013,2.124743,2.122467,0.098325,0.214397,0.009932,28.559008,-0.094345,0.046293,0.046293,947489.000000,533823.000000,0.048367
309.889008,0.098999,2.162565,2.162074,0.046072,0.214043,0.004561,28.773405,-0.104277,0.021306,0.021306,947489.000000,533823.000000,0.048091
309.988007,0.100006,2.080792,2.080172,-0.050803,0.208030,-0.005081,28.987448,-0.108838,6.258768,6.258768,947490.000000,533822.000000,0.047846
310.088013,0.099976,2.150656,2.144926,-0.156887,0.214440,-0.015685,29.195478,-0.103757,6.210172,6.210172,947490.000000,533822.000000,0.047622
310.187988,0.100006,2.171813,2.170255,-0.082223,0.217039,-0.008223,29.409918,-0.088072,6.245317,6.245317,947490.000000,533822.000000,0.047367
310.287994,0.101013,2.136373,2.136281,-0.019885,0.215793,-0.002009,29.626957,-0.079850,6.273877,6.273877,947490.000000,533822.000000,0.047098
310.389008,0.098999,2.202863,2.197340,0.155897,0.217535,0.015434,29.842749,-0.077841,0.070830,0.070830,947490.000000,533822.000000,0.046823
310.488007,0.100006,2.189625,2.189574,0.014961,0.218971,0.001496,30.060284,-0.093275,0.006833,0.006833,947491.000000,533822.000000,0.046578
310.588013,0.099976,2.163207,2.163057,0.025509,0.216253,0.002550,30.279255,-0.094771,0.011793,0.011793,947491.000000,533822.000000,0.046373
310.687988,0.101013,2.190832,2.189960,0.061811,0.221215,0.006244,30.495508,-0.097321,0.028217,0.028217,947491.000000,533822.000000,0.046163
310.789001,0.100006,2.165271,2.154588,0.214825,0.215472,0.021484,30.716722,-0.103565,0.099378,0.099378,947491.000000,533822.000000,0.045923
310.889008,0.100006,2.194031,2.184375,0.205624,0.218451,0.020564,30.932194,-0.125049,0.093858,0.093858,947491.000000,533822.000000,0.045734
310.989014,0.099976,2.239100,2.179306,0.514000,0.217877,0.051387,31.150644,-0.145612,0.231622,0.231622,947492.000000,533822.000000,0.045657
311.088989,0.100006,2.158561,2.141855,0.268034,0.214199,0.026805,31.368523,-0.197000,0.124494,0.124494,947492.000000,533822.000000,0.045497
311.188995,0.098999,2.128977,2.116763,0.227720,0.209558,0.022544,31.582722,-0.223805,0.107167,0.107167,947492.000000,533821.000000,0.045333
311.287994,0.100006,2.159320,2.144650,0.251278,0.214478,0.025129,31.792278,-0.246349,0.116633,0.116633,947492.000000,533821.000000,0.045150
311.388000,0.100006,2.116770,2.113692,-0.114117,0.211382,-0.011412,32.006756,-0.271478,6.229249,6.229249,947492.000000,533821.000000,0.044966
311.488007,0.100006,2.128008,2.125502,0.103233,0.212563,0.010324,32.218140,-0.260066,0.048531,0.048531,947493.000000,533821.000000,0.044766
311.588013,0.099976,2.145275,2.138724,0.167520,0.213820,0.016748,32.430702,-0.270390,0.078167,0.078167,947493.000000,533821.000000,0.044514
311.687988,0.101013,2.097802,2.097200,0.050262,0.211845,0.005077,32.644524,-0.287138,0.023961,0.023961,947493.000000,533821.000000,0.044301
311.789001,0.098999,2.079986,2.071291,0.189982,0.205056,0.018808,32.856369,-0.292215,0.091466,0.091466,947493.000000,533821.000000,0.044125
311.888000,0.101013,2.156799,2.118302,0.405684,0.213976,0.040979,33.061424,-0.311023,0.189223,0.189223,947493.000000,533821.000000,0.043989
311.989014,0.098999,2.146635,2.089878,0.490358,0.206896,0.048545,33.275402,-0.352002,0.230466,0.230466,947494.000000,533821.000000,0.043942
312.088013,0.100983,2.110974,2.078603,0.368266,0.209903,0.037188,33.482300,-0.400547,0.175350,0.175350,947494.000000,533820.000000,0.043970
312.188995,0.098999,2.153883,2.101257,0.473213,0.208022,0.046848,33.692204,-0.437736,0.221509,0.221509,947494.000000,533820.000000,0.044004
312.287994,0.101013,2.146945,2.122426,0.323549,0.214393,0.032683,33.900227,-0.484583,0.151278,0.151278,947494.000000,533820.000000,0.043978
312.389008,0.098999,2.174463,2.127748,0.448306,0.210645,0.044382,34.114620,-0.517266,0.207658,0.207658,947494.000000,533820.000000,0.043966
312.488007,0.100983,2.153443,2.109168,0.434426,0.212989,0.043870,34.325264,-0.561648,0.203130,0.203130,947495.000000,533820.000000,0.043970
312.588989,0.098999,2.158478,2.103991,0.481921,0.208293,0.047710,34.538254,-0.605517,0.225167,0.225167,947495.000000,533820.000000,0.043964
312.687988,0.100006,2.117064,2.075264,0.418621,0.207539,0.041865,34.746548,-0.653227,0.199048,0.199048,947495.000000,533820.000000,0.044008
312.787994,0.101013,2.146317,2.139842,0.166587,0.216152,0.016827,34.954086,-0.695092,0.077694,0.077694,947495.000000,533820.000000,0.044025
312.889008,0.100006,2.156045,2.125527,0.361477,0.212566,0.036150,35.170238,-0.711919,0.168453,0.168453,947495.000000,533819.000000,0.044021
312.989014,0.098999,2.065454,2.053455,0.222312,0.203290,0.022009,35.382805,-0.748069,0.107842,0.107842,947495.000000,533819.000000,0.043992
313.088013,0.100983,2.158648,2.153657,0.146711,0.217482,0.014815,35.586094,-0.770078,0.068017,0.068017,947496.000000,533819.000000,0.043994
313.188995,0.098999,2.098853,2.050343,0.448643,0.202982,0.044415,35.803577,-0.784893,0.215418,0.215418,947496.000000,533819.000000,0.044068
313.287994,0.100006,2.199077,2.189733,0.202513,0.218987,0.020253,36.006557,-0.829308,0.092221,0.092221,947496.000000,533819.000000,0.044185
313.388000,0.101013,2.248230,2.152564,0.648851,0.217437,0.065543,36.225544,-0.849561,0.292770,0.292770,947496.000000,533819.000000,0.044274
313.489014,0.099976,2.132080,2.105680,0.334477,0.210517,0.033440,36.442982,-0.915103,0.157529,0.157529,947496.000000,533819.000000,0.044416
313.588989,0.100006,2.154364,2.143834,0.212744,0.214396,0.021276,36.653500,-0.948543,0.098911,0.098911,947497.000000,533819.000000,0.044609
313.688995,0.100006,2.129207,2.124757,0.137580,0.212489,0.013759,36.867897,-0.969819,0.064661,0.064661,947497.000000,533818.000000,0.044727
313.789001,0.098999,2.113201,2.108047,0.147492,0.208695,0.014602,37.080387,-0.983578,0.069852,0.069852,947497.000000,533818.000000,0.044892
313.888000,0.100006,2.049398,2.049343,-0.015064,0.204947,-0.001506,37.289082,-0.998179,6.275835,6.275835,947497.000000,533818.000000,0.045105
313.988007,0.100006,2.147686,2.142841,0.144179,0.214297,0.014419,37.494030,-0.996673,0.067183,0.067183,947497.000000,533818.000000,0.045373
314.088013,0.099976,2.079250,2.079173,0.017876,0.207867,0.001787,37.708328,-1.011091,0.008597,0.008597,947497.000000,533818.000000,0.045637
314.187988,0.100006,2.113328,2.113007,0.036819,0.211314,0.003682,37.916195,-1.012879,0.017423,0.017423,947498.000000,533818.000000,0.045863
314.287994,0.100006,2.059721,2.055117,-0.137644,0.205524,-0.013765,38.127510,-1.016561,6.216309,6.216309,947498.000000,533818.000000,0.046104
314.388000,0.100006,2.172353,2.171160,-0.071975,0.217129,-0.007198,38.333035,-1.002796,6.250047,6.250047,947498.000000,533817.000000,0.046408
314.488007,0.100006,2.014233,2.012017,-0.094457,0.201214,-0.009446,38.550163,-0.995598,6.236273,6.236273,947498.000000,533817.000000,0.046731
314.588013,0.099976,2.118448,2.110963,-0.177922,0.211045,-0.017788,38.751377,-0.986151,6.199099,6.199099,947498.000000,533817.000000,0.047036
314.687988,0.101013,2.086641,2.081709,-0.143381,0.210280,-0.014483,38.962421,-0.968363,6.214417,6.214417,947498.000000,533817.000000,0.047340
314.789001,0.098999,2.162571,2.157713,-0.144870,0.213611,-0.014342,39.172703,-0.953880,6.216146,6.216146,947499.000000,533817.000000,0.047726
314.888000,0.100006,2.129591,2.122206,-0.177208,0.212234,-0.017722,39.386314,-0.939538,6.199877,6.199877,947499.000000,533817.000000,0.048125
314.988007,0.100006,2.072912,2.070021,-0.109427,0.207015,-0.010943,39.598549,-0.921816,6.230372,6.230372,947499.000000,533817.000000,0.048536
315.088013,0.100983,2.071496,2.065989,-0.150959,0.208629,-0.015244,39.805565,-0.910873,6.210246,6.210246,947499.000000,533817.000000,0.048938
315.188995,0.098999,2.042648,2.029973,-0.227196,0.200965,-0.022492,40.014194,-0.895629,6.171729,6.171729,947499.000000,533816.000000,0.049311
315.287994,0.101013,2.124669,2.124377,-0.035245,0.214590,-0.003560,40.215160,-0.873136,6.266596,6.266596,947500.000000,533816.000000,0.049736
315.389008,0.100006,1.948541,1.946067,-0.098145,0.194619,-0.009815,40.429749,-0.869576,6.232796,6.232796,947500.000000,533816.000000,0.050207
315.489014,0.098999,2.156159,2.155904,-0.033176,0.213432,-0.003284,40.624367,-0.859761,6.267798,6.267798,947500.000000,533816.000000,0.050693
315.588013,0.099976,2.092991,2.084880,-0.184081,0.208437,-0.018404,40.837799,-0.856477,6.195120,6.195120,947500.000000,533816.000000,0.051162
315.687988,0.100006,2.122124,2.112699,-0.199788,0.211283,-0.019980,41.046238,-0.838073,6.188900,6.188900,947500.000000,533816.000000,0.051552
315.787994,0.101013,2.052960,2.034675,-0.273391,0.205529,-0.027616,41.257523,-0.818093,6.149619,6.149619,947501.000000,533816.000000,0.051924
315.889008,0.100006,2.034197,2.022243,-0.220201,0.202237,-0.022021,41.463051,-0.790477,6.174723,6.174723,947501.000000,533816.000000,0.052265
315.989014,0.098999,2.039138,2.033618,-0.149936,0.201326,-0.014843,41.665287,-0.768456,6.209590,6.209590,947501.000000,533816.000000,0.052622
316.088013,0.099976,2.077538,2.071586,-0.157150,0.207108,-0.015711,41.866611,-0.753612,6.207470,6.207470,947501.000000,533816.000000,0.053022
316.187988,0.100006,2.138583,2.134068,-0.138885,0.213420,-0.013889,42.073719,-0.737901,6.218197,6.218197,947501.000000,533816.000000,0.053451
316.287994,0.101013,1.923347,1.919456,-0.122278,0.193890,-0.012352,42.287140,-0.724011,6.219567,6.219567,947502.000000,533816.000000,0.053829
316.389008,0.098999,2.152311,2.136800,-0.257936,0.211541,-0.025535,42.481030,-0.711660,6.163055,6.163055,947502.000000,533815.000000,0.054197
316.488007,0.100006,2.047996,2.041518,-0.162766,0.204164,-0.016278,42.692570,-0.686124,6.203626,6.203626,947502.000000,533815.000000,0.054569
316.588013,0.099976,2.181427,2.159905,-0.305668,0.215938,-0.030559,42.896732,-0.669847,6.142600,6.142600,947502.000000,533815.000000,-0.054727
316.687988,0.100006,1.950984,1.948715,-0.094079,0.194883,-0.009408,43.112671,-0.639288,6.234946,6.234946,947503.000000,533815.000000,-0.054371
316.787994,0.100006,2.133958,2.120839,-0.236252,0.212097,-0.023627,43.307556,-0.629879,6.172247,6.172247,947503.000000,533815.000000,-0.054010
316.888000,0.100006,2.000288,1.993435,-0.165441,0.199356,-0.016545,43.519653,-0.606252,6.200382,6.200382,947503.000000,533815.000000,-0.053621
316.988007,0.100006,2.064156,2.055424,-0.189666,0.205555,-0.018968,43.719009,-0.589707,6.191170,6.191170,947503.000000,533815.000000,-0.053247
317.088013,0.100983,2.050451,2.038034,-0.225314,0.205806,-0.022753,43.924564,-0.570740,6.173078,6.173078,947503.000000,533815.000000,-0.052902
317.188995,0.098999,2.012176,2.006144,-0.155691,0.198606,-0.015413,44.130371,-0.547987,6.205734,6.205734,947504.000000,533815.000000,-0.052574
317.287994,0.101013,2.150486,2.132447,-0.277956,0.215405,-0.028077,44.328976,-0.532574,6.153570,6.153570,947504.000000,533815.000000,-0.052263
317.389008,0.098999,2.132803,2.106916,-0.331296,0.208583,-0.032798,44.544380,-0.504496,6.127220,6.127220,947504.000000,533815.000000,-0.051970
317.488007,0.100006,2.148973,2.119371,-0.355456,0.211950,-0.035548,44.752964,-0.471698,6.117014,6.117014,947504.000000,533815.000000,-0.051724
317.588013,0.099976,2.042701,2.025851,-0.261828,0.202536,-0.026176,44.964912,-0.436150,6.154655,6.154655,947504.000000,533815.000000,-0.051433
317.687988,0.100006,2.158027,2.140763,-0.272420,0.214089,-0.027244,45.167446,-0.409974,6.156612,6.156612,947505.000000,533815.000000,-0.051093
317.787994,0.100006,2.080333,2.064099,-0.259389,0.206422,-0.025940,45.381535,-0.382730,6.158174,6.158174,947505.000000,533815.000000,-0.050747
317.888000,0.100006,2.153598,2.132646,-0.299680,0.213278,-0.029970,45.587955,-0.356790,6.143579,6.143579,947505.000000,533815.000000,-0.050420
317.988007,0.100983,1.966151,1.955667,-0.202779,0.197488,-0.020477,45.801231,-0.326820,6.179867,6.179867,947505.000000,533815.000000,-0.050093
318.088989,0.100006,2.099164,2.079427,-0.287181,0.207955,-0.028720,45.998718,-0.306343,6.145948,6.145948,947506.000000,533815.000000,-0.049761
318.188995,0.098999,2.138551,2.109760,-0.349733,0.208864,-0.034623,46.206673,-0.277623,6.118910,6.118910,947506.000000,533815.000000,-0.049474
318.287994,0.100006,2.032778,2.010836,-0.297869,0.201096,-0.029789,46.415535,-0.243000,6.136123,6.136123,947506.000000,533815.000000,-0.049281
318.388000,0.100006,2.174729,2.133542,-0.421241,0.213367,-0.042127,46.616631,-0.213211,6.088255,6.088255,947506.000000,533816.000000,-0.049092
318.488007,0.100983,2.154943,2.118959,-0.392161,0.213978,-0.039601,46.829998,-0.171085,6.100183,6.100183,947506.000000,533816.000000,-0.048924
318.588989,0.100006,2.190079,2.148658,-0.423925,0.214879,-0.042395,47.043976,-0.131483,6.088389,6.088389,947507.000000,533816.000000,-0.048750
318.688995,0.098999,2.102190,2.074283,-0.341399,0.205352,-0.033798,47.258854,-0.089088,6.120061,6.120061,947507.000000,533816.000000,-0.048598
318.787994,0.101013,2.133108,2.105464,-0.342304,0.212680,-0.034577,47.464207,-0.055290,6.122017,6.122017,947507.000000,533816.000000,-0.048419
318.889008,0.100983,2.096090,2.080436,-0.255688,0.210088,-0.025820,47.676888,-0.020713,6.160897,6.160897,947507.000000,533816.000000,-0.048197
318.989990,0.098022,2.068722,2.058141,-0.208964,0.201744,-0.020483,47.886974,0.005107,6.182002,6.182002,947507.000000,533816.000000,-0.047941
319.088013,0.100983,2.151976,2.143731,-0.188206,0.216480,-0.019006,48.088718,0.025591,6.195616,6.195616,947508.000000,533816.000000,-0.047658
319.188995,0.098999,2.108778,2.095487,-0.236391,0.207451,-0.023402,48.305199,0.044596,6.170851,6.170851,947508.000000,533816.000000,-0.047383
319.287994,0.101013,2.115819,2.112341,-0.121273,0.213374,-0.012250,48.512650,0.067999,6.225836,6.225836,947508.000000,533816.000000,-0.047114
319.389008,0.100006,1.980079,1.898775,0.561575,0.189889,0.056161,48.726025,0.080249,0.287559,0.287559,947508.000000,533816.000000,-0.046865
319.489014,0.098999,2.003196,2.002496,0.052974,0.198245,0.005244,48.915913,0.024088,0.026448,0.026448,947508.000000,533816.000000,-0.046615
319.588013,0.099976,2.033321,2.032055,-0.071739,0.203156,-0.007172,49.114159,0.018844,6.247896,6.247896,947509.000000,533816.000000,-0.046417
319.687988,0.100006,2.068894,2.068611,-0.034204,0.206874,-0.003421,49.317314,0.026016,6.266652,6.266652,947509.000000,533816.000000,-0.046318
319.787994,0.100006,2.152493,2.152400,-0.020069,0.215253,-0.002007,49.524189,0.029436,6.273861,6.273861,947509.000000,533816.000000,-0.046209
319.888000,0.101013,1.998973,1.946474,0.455116,0.196620,0.045973,49.739441,0.031443,0.229689,0.229689,947509.000000,533817.000000,-0.046008
319.989014,0.098999,2.134947,2.134507,0.043365,0.211314,0.004293,49.936062,-0.014529,0.020313,0.020313,947509.000000,533817.000000,-0.045755
320.088013,0.099976,2.141934,2.141918,0.008271,0.214140,0.000827,50.147377,-0.018822,0.003862,0.003862,947510.000000,533817.000000,-0.045565
320.187988,0.101013,2.130374,2.105934,0.321765,0.212727,0.032503,50.361515,-0.019649,0.151617,0.151617,947510.000000,533817.000000,-0.045355
320.289001,0.098999,2.026379,2.000431,0.323247,0.198041,0.032001,50.574242,-0.052152,0.160204,0.160204,947510.000000,533817.000000,-0.045181
320.388000,0.101013,2.177624,2.172803,-0.144826,0.219482,-0.014629,50.772282,-0.084153,6.216630,6.216630,947510.000000,533817.000000,-0.045148
320.489014,0.098999,2.090069,2.061174,0.346337,0.204054,0.034287,50.991764,-0.069524,0.166474,0.166474,947510.000000,533817.000000,-0.045201
320.588013,0.099976,2.098646,2.096250,0.100257,0.209574,0.010023,51.195820,-0.103811,0.047790,0.047790,947511.000000,533817.000000,-0.045160
320.687988,0.100006,2.130459,2.101259,0.351518,0.210139,0.035154,51.405396,-0.113834,0.165754,0.165754,947511.000000,533817.000000,-0.045106
320.787994,0.100006,2.121490,2.113668,0.182013,0.211380,0.018202,51.615536,-0.148988,0.085900,0.085900,947511.000000,533818.000000,-0.045211
320.888000,0.100006,2.170060,2.162933,0.175725,0.216307,0.017574,51.826916,-0.167190,0.081066,0.081066,947511.000000,533818.000000,-0.045320
320.988007,0.100006,1.984839,1.983609,0.069859,0.198373,0.006986,52.043221,-0.184764,0.035204,0.035204,947511.000000,533818.000000,-0.045424
321.088013,0.099976,2.213183,2.199462,-0.246066,0.219892,-0.024601,52.241592,-0.191750,6.171773,6.171773,947512.000000,533818.000000,-0.045572
321.187988,0.100006,2.103212,2.091984,-0.217038,0.209211,-0.021705,52.461483,-0.167150,6.179808,6.179808,947512.000000,533818.000000,-0.045724
321.287994,0.101013,2.141263,2.120662,-0.296308,0.214215,-0.029931,52.670692,-0.145444,6.144360,6.144360,947512.000000,533818.000000,-0.045965
321.389008,0.100006,2.082253,2.072675,-0.199483,0.207280,-0.019949,52.884907,-0.115513,6.187237,6.187237,947512.000000,533818.000000,-0.046254
321.489014,0.098999,2.091492,2.088944,-0.103198,0.206803,-0.010217,53.092186,-0.095564,6.233823,6.233823,947512.000000,533818.000000,-0.046411
321.588013,0.099976,2.110268,2.105353,-0.143955,0.210484,-0.014392,53.298988,-0.085347,6.214916,6.214916,947512.000000,533819.000000,-0.046416
321.687988,0.101013,2.104970,2.102689,-0.097989,0.212399,-0.009898,53.509472,-0.070955,6.236617,6.236617,947513.000000,533819.000000,-0.046420
321.789001,0.100006,2.156574,2.139693,-0.269312,0.213982,-0.026933,53.721870,-0.061057,6.157979,6.157979,947513.000000,533819.000000,-0.046452
321.889008,0.098999,2.146172,2.141705,-0.138389,0.212027,-0.013700,53.935852,-0.034124,6.218659,6.218659,947513.000000,533819.000000,-0.046539
321.988007,0.100983,2.187490,2.185859,-0.084461,0.220734,-0.008529,54.147881,-0.020424,6.244565,6.244565,947513.000000,533819.000000,-0.046637
322.088989,0.098999,2.203182,2.199090,-0.134220,0.217708,-0.013288,54.368614,-0.011895,6.222227,6.222227,947513.000000,533819.000000,-0.046732
322.187988,0.100006,2.124796,2.124110,-0.053967,0.212424,-0.005397,54.586323,0.001393,6.257784,6.257784,947514.000000,533819.000000,-0.046797
322.287994,0.101013,2.108414,2.102700,-0.155129,0.212400,-0.015670,54.798748,0.006790,6.209543,6.209543,947514.000000,533819.000000,-0.046816
322.389008,0.100006,1.983951,1.982620,0.072648,0.198274,0.007265,55.011147,0.022460,0.036626,0.036626,947514.000000,533819.000000,-0.046813
322.489014,0.098999,1.682742,1.675103,0.160161,0.165834,0.015856,55.209419,0.015195,0.095323,0.095323,947514.000000,533819.000000,-0.046811
322.588013,0.100983,1.633000,1.632341,0.046388,0.164838,0.004684,55.375252,-0.000661,0.028410,0.028410,947514.000000,533820.000000,-0.046811
322.688995,0.100006,1.342570,1.320292,0.243562,0.132037,0.024358,55.540089,-0.005346,0.182425,0.182425,947514.000000,533820.000000,-0.046838
322.789001,0.100006,1.221028,1.220946,0.014126,0.122102,0.001413,55.672127,-0.029703,0.011569,0.011569,947515.000000,533820.000000,-0.046884
322.889008,0.098999,1.027699,1.024141,0.085446,0.101389,0.008459,55.794228,-0.031116,0.083239,0.083239,947515.000000,533820.000000,-0.046929
322.988007,0.100006,0.823665,0.823111,0.030205,0.082316,0.003021,55.895618,-0.039575,0.036680,0.036680,947515.000000,533820.000000,-0.046969
323.088013,0.100983,0.754947,0.754728,0.018162,0.076214,0.001834,55.977936,-0.042596,0.024060,0.024060,947515.000000,533820.000000,-0.047008
323.188995,0.100006,0.709901,0.709592,-0.020948,0.070964,-0.002095,56.054150,-0.044430,6.253673,6.253673,947515.000000,533820.000000,-0.047046
323.289001,0.100006,0.704601,0.703886,-0.031742,0.070393,-0.003174,56.125114,-0.042335,6.238120,6.238120,947515.000000,533820.000000,-0.047076
323.389008,0.100006,0.748978,0.746704,-0.058325,0.074675,-0.005833,56.195507,-0.039161,6.205233,6.205233,947516.000000,533821.000000,-0.047515
323.489014,0.099976,0.834130,0.827994,-0.100986,0.082779,-0.010096,56.270184,-0.033328,6.161821,6.161821,947516.000000,533821.000000,-0.047515
323.588989,0.100006,0.866108,0.866090,0.005661,0.086614,0.000566,56.352962,-0.023232,0.006536,0.006536,947516.000000,533821.000000,-0.047515
323.688995,0.098999,0.945831,0.945746,-0.012674,0.093628,-0.001255,56.439575,-0.023798,6.269785,6.269785,947516.000000,533821.000000,-0.047515
323.787994,0.100006,1.004382,1.004184,0.019942,0.100425,0.001994,56.533203,-0.022543,0.019857,0.019857,947516.000000,533821.000000,-0.047515
323.888000,0.100006,1.107718,1.105195,-0.074733,0.110526,-0.007474,56.633629,-0.024537,6.215668,6.215668,947516.000000,533821.000000,-0.047515
323.988007,0.100983,1.093185,1.093089,0.014520,0.110383,0.001466,56.744156,-0.017064,0.013282,0.013282,947516.000000,533821.000000,-0.047515
324.088989,0.100006,1.154890,1.153731,-0.051737,0.115380,-0.005174,56.854538,-0.018530,6.238372,6.238372,947516.000000,533821.000000,-0.047515
324.188995,0.098999,1.092352,1.092076,-0.024577,0.108114,-0.002433,56.969917,-0.013356,6.260684,6.260684,947516.000000,533821.000000,-0.047515
324.287994,0.100006,1.038157,1.036457,0.059384,0.103652,0.005939,57.078033,-0.010923,0.057233,0.057233,947516.000000,533821.000000,-0.047515
324.388000,0.100006,1.045588,1.043344,0.068458,0.104341,0.006846,57.181686,-0.016861,0.065520,0.065520,947516.000000,533821.000000,-0.047515
324.488007,0.100006,0.955254,0.954762,0.030676,0.095482,0.003068,57.286026,-0.023708,0.032118,0.032118,947516.000000,533821.000000,-0.047515
324.588013,0.100983,0.947228,0.933223,0.162279,0.094239,0.016387,57.381508,-0.026775,0.172169,0.172169,947516.000000,533821.000000,-0.047515
324.688995,0.098999,0.900722,0.899066,-0.054593,0.089007,-0.005405,57.475746,-0.043163,6.222538,6.222538,947516.000000,533821.000000,-0.047515
324.787994,0.101013,0.874364,0.870944,0.077255,0.087977,0.007804,57.564754,-0.037758,0.088471,0.088471,947516.000000,533821.000000,-0.047515
324.889008,0.098999,0.866298,0.863837,0.065250,0.085519,0.006460,57.652733,-0.045562,0.075392,0.075392,947516.000000,533821.000000,-0.047515
324.988007,0.100006,0.859213,0.858431,-0.036657,0.085848,-0.003666,57.738251,-0.052022,6.240509,6.240509,947516.000000,533821.000000,-0.047515
325.088013,0.099976,0.881255,0.867547,0.154833,0.086733,0.015480,57.824100,-0.048356,0.176613,0.176613,947516.000000,533821.000000,-0.047515
325.187988,0.100006,0.921405,0.920536,0.040021,0.092059,0.004002,57.910835,-0.063835,0.043449,0.043449,947516.000000,533821.000000,-0.047515
325.287994,0.100006,0.943638,0.930795,0.155154,0.093085,0.015516,58.002895,-0.067838,0.165171,0.165171,947516.000000,533821.000000,-0.047515
325.388000,0.100006,0.958519,0.952984,0.102860,0.095304,0.010287,58.095982,-0.083354,0.107519,0.107519,947516.000000,533821.000000,-0.047515
325.488007,0.100006,0.992194,0.989311,0.075579,0.098937,0.007558,58.191284,-0.093641,0.076247,0.076247,947516.000000,533821.000000,-0.047515
325.588013,0.099976,0.973767,0.960696,0.159013,0.096046,0.015897,58.290222,-0.101199,0.164032,0.164032,947516.000000,533821.000000,-0.047515
325.687988,0.100006,1.000635,0.999071,0.055927,0.099913,0.005593,58.386269,-0.117096,0.055921,0.055921,947516.000000,533821.000000,-0.047515
325.787994,0.101013,0.979276,0.970074,0.133928,0.097990,0.013529,58.486183,-0.122690,0.137193,0.137193,947516.000000,533821.000000,-0.047515
325.889008,0.100006,0.954144,0.950748,0.080432,0.095081,0.008044,58.584175,-0.136218,0.084398,0.084398,947516.000000,533821.000000,-0.047515
325.989014,0.099976,0.885623,0.872293,0.153075,0.087208,0.015304,58.679256,-0.144262,0.173717,0.173717,947516.000000,533821.000000,-0.047515
326.088989,0.098999,0.818428,0.818299,0.014508,0.081011,0.001436,58.766464,-0.159565,0.017728,0.017728,947516.000000,533821.000000,-0.047515
326.187988,0.100006,0.713832,0.711033,0.063148,0.071108,0.006315,58.847473,-0.161002,0.088579,0.088579,947516.000000,533821.000000,-0.047515
326.287994,0.101013,0.592774,0.592773,0.001160,0.059878,0.000117,58.918579,-0.167317,0.001956,0.001956,947516.000000,533821.000000,-0.047515
326.389008,0.100006,0.511996,0.511906,0.009611,0.051194,0.000961,58.978458,-0.167434,0.018772,0.018772,947516.000000,533821.000000,-0.047515
326.489014,0.098999,0.401144,0.400263,0.026583,0.039626,0.002632,59.029652,-0.168395,0.066318,0.066318,947516.000000,533821.000000,-0.047515
326.588013,0.099976,0.305196,0.305108,-0.007363,0.030503,-0.000736,59.069279,-0.171027,6.259058,6.259058,947516.000000,533821.000000,-0.047515
326.687988,0.100006,0.230544,0.230288,-0.010857,0.023030,-0.001086,59.099781,-0.170291,6.236076,6.236076,947516.000000,533821.000000,-0.047515
326.787994,0.100006,0.142233,0.140681,-0.020960,0.014069,-0.002096,59.122810,-0.169205,6.135284,6.135284,947516.000000,533821.000000,-0.047515
326.888000,0.100006,0.071825,0.071818,-0.000997,0.007182,-0.000100,59.136879,-0.167109,6.269301,6.269301,947516.000000,533821.000000,-0.047515
326.988007,0.100006,0.007012,0.002543,-0.006534,0.000254,-0.000653,59.144062,-0.167009,5.083486,5.083486,947516.000000,533821.000000,-0.047515
327.088013,0.099976,0.041608,-0.041281,-0.005208,-0.004127,-0.000521,59.144318,-0.166356,3.267080,3.267080,947516.000000,533821.000000,-0.047515
327.187988,0.100006,0.061692,-0.061665,-0.001825,-0.006167,-0.000182,59.140190,-0.165835,3.171177,3.171177,947516.000000,533821.000000,-0.047515
327.287994,0.100006,0.053486,-0.053360,0.003662,-0.005336,0.000366,59.134022,-0.165653,3.073080,3.073080,947516.000000,533821.000000,-0.047515
327.388000,0.100006,0.049506,-0.049414,0.003011,-0.004942,0.000301,59.128685,-0.166019,3.080730,3.080730,947516.000000,533821.000000,-0.047515
327.488007,0.100983,0.030450,-0.030183,0.004022,-0.003048,0.000406,59.123745,-0.166320,3.009113,3.009113,947516.000000,533821.000000,-0.047515
327.588989,0.100006,0.012447,-0.012430,0.000658,-0.001243,0.000066,59.120697,-0.166726,3.088742,3.088742,947516.000000,533821.000000,-0.047515
327.688995,0.098999,0.004628,0.003999,-0.002330,0.000396,-0.000231,59.119453,-0.166792,5.755556,5.755556,947516.000000,533821.000000,-0.047515
327.787994,0.101013,0.009326,0.008930,-0.002689,0.000902,-0.000272,59.119850,-0.166561,5.990731,5.990731,947516.000000,533821.000000,-0.047515
327.889008,0.100006,0.006271,0.006267,-0.000227,0.000627,-0.000023,59.120750,-0.166290,6.247049,6.247049,947516.000000,533821.000000,-0.047515
327.989014,0.098999,0.002242,-0.002144,-0.000655,-0.000212,-0.000065,59.121376,-0.166267,3.438014,3.438014,947516.000000,533821.000000,-0.047515
328.088013,0.099976,0.005811,-0.005745,-0.000871,-0.000574,-0.000087,59.121162,-0.166202,3.292091,3.292091,947516.000000,533821.000000,-0.047515
328.187988,0.100006,0.002635,-0.001724,0.001993,-0.000172,0.000199,59.120586,-0.166115,2.284009,2.284009,947516.000000,533821.000000,-0.047515
328.287994,0.100006,0.002230,0.002230,-0.000026,0.000223,-0.000003,59.120415,-0.166314,6.271465,6.271465,947516.000000,533821.000000,-0.047515
328.388000,0.100006,0.004566,0.003083,-0.003368,0.000308,-0.000337,59.120636,-0.166312,5.453589,5.453589,947516.000000,533821.000000,-0.047515
328.488007,0.100006,0.001398,-0.000758,-0.001175,-0.000076,-0.000117,59.120945,-0.165975,4.139481,4.139481,947516.000000,533821.000000,-0.047515
328.588013,0.100983,0.003789,-0.003671,-0.000937,-0.000371,-0.000095,59.120869,-0.165857,3.391490,3.391490,947516.000000,533821.000000,-0.047515
328.688995,0.098999,0.001370,-0.001096,0.000822,-0.000109,0.000081,59.120499,-0.165763,2.498203,2.498203,947516.000000,533821.000000,-0.047515
328.787994,0.100006,0.002349,0.001476,0.001827,0.000148,0.000183,59.120392,-0.165844,0.891392,0.891392,947516.000000,533821.000000,-0.047515
328.888000,0.101013,0.001387,0.001224,0.000653,0.000124,0.000066,59.120541,-0.166027,0.490339,0.490339,947516.000000,533821.000000,-0.047515
328.989014,0.100983,0.000898,0.000196,-0.000877,0.000020,-0.000089,59.120663,-0.166093,4.932053,4.932053,947516.000000,533821.000000,-0.047515
329.089996,0.097992,0.001883,-0.001830,-0.000441,-0.000179,-0.000043,59.120682,-0.166004,3.378154,3.378154,947516.000000,533821.000000,-0.047515
329.187988,0.100006,0.001381,-0.001236,-0.000616,-0.000124,-0.000062,59.120502,-0.165961,3.604023,3.604023,947516.000000,533821.000000,-0.047515
329.287994,0.100006,0.000728,0.000452,0.000571,0.000045,0.000057,59.120380,-0.165899,0.900804,0.900804,947516.000000,533821.000000,-0.047515
329.388000,0.100006,0.001313,0.001238,0.000437,0.000124,0.000044,59.120426,-0.165957,0.339403,0.339403,947516.000000,533821.000000,-0.047515
329.488007,0.100983,0.001743,-0.000962,0.001454,-0.000097,0.000147,59.120548,-0.166000,2.155415,2.155415,947516.000000,533821.000000,-0.047515
329.588989,0.098999,0.001008,-0.000622,-0.000793,-0.000062,-0.000079,59.120453,-0.166147,4.047051,4.047051,947516.000000,533821.000000,-0.047515
329.687988,0.100006,0.001155,-0.000359,-0.001097,-0.000036,-0.000110,59.120392,-0.166069,4.396245,4.396245,947516.000000,533821.000000,-0.047515
329.787994,0.100006,0.000629,0.000605,0.000172,0.000060,0.000017,59.120358,-0.165959,0.277251,0.277251,947516.000000,533821.000000,-0.047515
329.888000,0.100006,0.000534,-0.000358,0.000396,-0.000036,0.000040,59.120419,-0.165976,2.306255,2.306255,947516.000000,533821.000000,-0.047515
329.988007,0.100006,0.000451,-0.000450,-0.000032,-0.000045,-0.000003,59.120384,-0.166016,3.213180,3.213180,947516.000000,533821.000000,-0.047515
330.088013,0.099976,0.000101,-0.000082,0.000059,-0.000008,0.000006,59.120338,-0.166012,2.524073,2.524073,947516.000000,533821.000000,-0.047515
330.187988,0.100006,0.000423,-0.000419,-0.000058,-0.000042,-0.000006,59.120331,-0.166018,3.279502,3.279502,947516.000000,533821.000000,-0.047515
330.287994,0.100006,0.001504,0.000526,-0.001409,0.000053,-0.000141,59.120289,-0.166012,5.069982,5.069982,947516.000000,533821.000000,-0.047515
330.388000,0.100006,0.000310,0.000197,-0.000240,0.000020,-0.000024,59.120342,-0.165872,5.399062,5.399062,947516.000000,533821.000000,-0.047515
330.488007,0.100006,0.000410,0.000394,-0.000114,0.000039,-0.000011,59.120361,-0.165848,6.001367,6.001367,947516.000000,533821.000000,-0.047515
330.588013,0.099976,0.000419,-0.000243,0.000341,-0.000024,0.000034,59.120399,-0.165836,2.189566,2.189566,947516.000000,533821.000000,-0.047515
330.687988,0.100006,0.000187,0.000187,-0.000011,0.000019,-0.000001,59.120377,-0.165870,6.224661,6.224661,947516.000000,533821.000000,-0.047515
330.787994,0.100006,0.000710,-0.000464,0.000538,-0.000046,0.000054,59.120396,-0.165869,2.282580,2.282580,947516.000000,533821.000000,-0.047515
330.888000,0.100006,0.000766,0.000016,-0.000766,0.000002,-0.000077,59.120350,-0.165923,4.733883,4.733883,947516.000000,533821.000000,-0.047515
330.988007,0.100006,0.000417,0.000416,-0.000027,0.000042,-0.000003,59.120350,-0.165846,6.217659,6.217659,947516.000000,533821.000000,-0.047515
331.088013,0.099976,0.000775,0.000138,-0.000762,0.000014,-0.000076,59.120392,-0.165844,4.891835,4.891835,947516.000000,533821.000000,-0.047515
331.187988,0.100006,0.000710,0.000680,0.000204,0.000068,0.000020,59.120407,-0.165767,0.290780,0.290780,947516.000000,533821.000000,-0.047515
331.287994,0.100006,0.000329,-0.000127,0.000303,-0.000013,0.000030,59.120476,-0.165788,1.968243,1.968243,947516.000000,533821.000000,-0.047515
331.388000,0.100006,0.000882,-0.000503,-0.000725,-0.000050,-0.000072,59.120464,-0.165818,4.105372,4.105372,947516.000000,533821.000000,-0.047515
331.488007,0.100983,0.000832,-0.000104,0.000826,-0.000011,0.000083,59.120415,-0.165746,1.696096,1.696096,947516.000000,533821.000000,-0.047515
331.588989,0.100006,0.000544,0.000292,-0.000459,0.000029,-0.000046,59.120403,-0.165829,5.279967,5.279967,947516.000000,533821.000000,-0.047515
331.688995,0.098999,0.000773,-0.000001,-0.000773,-0.000000,-0.000076,59.120434,-0.165783,4.710553,4.710553,947516.000000,533821.000000,-0.047515
331.787994,0.100006,0.000379,-0.000373,0.000068,-0.000037,0.000007,59.120434,-0.165707,2.960840,2.960840,947516.000000,533821.000000,-0.047515
331.888000,0.100006,0.000116,-0.000107,0.000044,-0.000011,0.000004,59.120396,-0.165713,2.750003,2.750003,947516.000000,533821.000000,-0.047515
331.988007,0.100006,0.000471,-0.000184,0.000433,-0.000018,0.000043,59.120384,-0.165718,1.972419,1.972419,947516.000000,533821.000000,-0.047515
332.088013,0.100983,0.000897,-0.000794,-0.000417,-0.000080,-0.000042,59.120365,-0.165761,3.625435,3.625435,947516.000000,533821.000000,-0.047515
332.188995,0.098999,0.000735,-0.000047,-0.000734,-0.000005,-0.000073,59.120285,-0.165719,4.648564,4.648564,947516.000000,533821.000000,-0.047515
332.287994,0.100006,0.000275,-0.000036,-0.000272,-0.000004,-0.000027,59.120281,-0.165646,4.581233,4.581233,947516.000000,533821.000000,-0.047515
332.388000,0.100006,0.000515,0.000156,-0.000491,0.000016,-0.000049,59.120277,-0.165619,5.019524,5.019524,947516.000000,533821.000000,-0.047515
332.488007,0.100983,0.000396,-0.000328,-0.000222,-0.000033,-0.000022,59.120293,-0.165570,3.735890,3.735890,947516.000000,533821.000000,-0.047515
332.588989,0.098999,0.000133,-0.000069,-0.000114,-0.000007,-0.000011,59.120258,-0.165548,4.170694,4.170694,947516.000000,533821.000000,-0.047515
332.687988,0.100006,0.000282,0.000098,-0.000265,0.000010,-0.000027,59.120251,-0.165536,5.066256,5.066256,947516.000000,533821.000000,-0.047515
332.787994,0.100006,0.001015,-0.000836,0.000575,-0.000084,0.000058,59.120262,-0.165510,2.538726,2.538726,947516.000000,533821.000000,-0.047515
332.888000,0.100006,0.000439,-0.000098,0.000428,-0.000010,0.000043,59.120178,-0.165567,1.794806,1.794806,947516.000000,533821.000000,-0.047515
332.988007,0.100006,0.000639,0.000621,0.000150,0.000062,0.000015,59.120167,-0.165610,0.236635,0.236635,947516.000000,533821.000000,-0.047515
333.088013,0.099976,0.000231,0.000206,-0.000105,0.000021,-0.000011,59.120228,-0.165625,5.811055,5.811055,947516.000000,533821.000000,-0.047515
333.187988,0.100006,0.001634,0.000662,0.001494,0.000066,0.000149,59.120247,-0.165615,1.153847,1.153847,947516.000000,533821.000000,-0.047515
333.287994,0.100006,0.000686,0.000441,0.000526,0.000044,0.000053,59.120312,-0.165764,0.873244,0.873244,947516.000000,533821.000000,-0.047515
333.388000,0.100006,0.000423,0.000406,0.000120,0.000041,0.000012,59.120358,-0.165817,0.288278,0.288278,947516.000000,533821.000000,-0.047515
333.488007,0.100006,0.000563,-0.000559,0.000068,-0.000056,0.000007,59.120399,-0.165829,3.021008,3.021008,947516.000000,533821.000000,-0.047515
333.588013,0.099976,0.001016,-0.000945,0.000372,-0.000095,0.000037,59.120342,-0.165836,2.766542,2.766542,947516.000000,533821.000000,-0.047515
333.687988,0.100006,0.000791,-0.000789,0.000046,-0.000079,0.000005,59.120247,-0.165873,3.083985,3.083985,947516.000000,533821.000000,-0.047515
333.787994,0.101013,0.001016,-0.000670,-0.000764,-0.000068,-0.000077,59.120167,-0.165877,3.992745,3.992745,947516.000000,533821.000000,-0.047515
333.889008,0.100006,0.000476,0.000119,0.000461,0.000012,0.000046,59.120098,-0.165800,1.317769,1.317769,947516.000000,533821.000000,-0.047515
333.989014,0.098999,0.000964,-0.000001,-0.000964,-0.000000,-0.000095,59.120110,-0.165846,4.711568,4.711568,947516.000000,533821.000000,-0.047515
334.088013,0.099976,0.000554,-0.000369,-0.000414,-0.000037,-0.000041,59.120110,-0.165751,3.984216,3.984216,947516.000000,533821.000000,-0.047515
334.187988,0.100006,0.000751,-0.000083,-0.000746,-0.000008,-0.000075,59.120071,-0.165709,4.601707,4.601707,947516.000000,533821.000000,-0.047515
334.287994,0.100006,0.001162,-0.000273,-0.001130,-0.000027,-0.000113,59.120064,-0.165635,4.475661,4.475661,947516.000000,533821.000000,-0.047515
334.388000,0.100006,0.001612,-0.000556,0.001513,-0.000056,0.000151,59.120037,-0.165522,1.922915,1.922915,947516.000000,533821.000000,-0.047515
334.488007,0.100006,0.001252,-0.000145,0.001243,-0.000015,0.000124,59.119980,-0.165673,1.687161,1.687161,947516.000000,533821.000000,-0.047515
334.588013,0.100983,0.001168,-0.000736,0.000907,-0.000074,0.000092,59.119965,-0.165797,2.252564,2.252564,947516.000000,533821.000000,-0.047515
