timestep,duration,speed,x_velo_mf,y_velo_mf,x_pos_sf,y_pos_sf,x_pos_nh,y_pos_nh,heading_mf,heading_sf,x_pos_odo,y_pos_odo,heading_odo
295.089,0.09899999999998954,9.188156980997658e-05,3.05694429871816e-05,8.664716975296456e-05,3.026374855730658e-06,8.578069805542584e-06,0,0,1.2316259566464707,1.2316259566464707,947460,533818,0.05291429020463023
295.188,0.10099999999999909,0.0008466675602360407,-2.0992977393446686e-05,0.0008464072615805041,-7.829607406128031e-05,3.502055295613329e-05,-3.026374855730659e-06,-8.578069805542585e-06,1.5955936970942206,2.8272196537406913,947460,533817,0.053054569758010005
295.289,0.10000000000002274,0.0005946863125512399,0.0005475797512628515,-0.000231966002557928,-0.00012319752651953508,7.401257355648952e-05,-9.060841389925629e-07,-9.406520322517272e-05,5.882483697107615,2.42651804366872,947460,533817,0.053206503213576825
295.389,0.09899999999998954,1.0903466573664833,1.0702305982109093,0.20847613744355098,-0.0936548205942677,0.053961037985987885,-5.566405926529016e-05,-7.086860296937465e-05,0.19238629081318404,2.618904334481904,947460,533817,0.053329423776474275
295.488,0.10099999999999909,1.2402681354976706,1.2254836348421043,0.19093168585924158,-0.21052925848405582,0.09904105042929323,-0.1060084932821341,-0.02071000620987874,0.15455850028746462,2.7734628347693686,947460,533817,0.0534108963501622
295.589,0.10000000000002274,1.3309919225037532,1.3142968234546886,0.21015079735074077,-0.34071613665443207,0.12673169379419247,-0.22978234040118553,-0.03999410648166196,0.15855385089708487,2.9320166856664533,947460,533817,0.0534745425974267
295.689,0.0999999999999659,1.3877444656955362,1.3555968448250382,0.2969712046124855,-0.47948801188444623,0.12588690635457606,-0.3612120227466843,-0.06100918621674081,0.21566349108197838,3.1476801767484317,947460,533817,0.05357982539554607
295.789,0.10000000000002274,1.423204253899935,1.3664070671245303,0.3980478303307403,-0.6158838757513753,0.08525106253176276,-0.4967717072291419,-0.09070630667797923,0.2834652304233517,3.4311454071717833,947461,533817,0.053791234388070916
295.889,0.09899999999998954,1.4126957500567372,1.391873759986073,0.24165412988525245,-0.7411123830955286,0.022979338423051658,-0.633412413941626,-0.13051108971106232,0.17190427314748574,3.603049680319269,947461,533817,0.05404164545560344
295.988,0.10099999999999909,1.4126230795991845,1.3935899597489205,0.23110817619306723,-0.8567498430774867,-0.06059167207731137,-0.7712079161802327,-0.15443484856969977,0.1643409053362595,3.7673905856555283,947461,533817,0.05421415212215225
296.089,0.09899999999998954,1.416771641211755,1.389037862686509,0.2789546546755315,-0.9520287852262714,-0.1635232070004721,-0.9119605021148723,-0.17777677436519934,0.1981894822179058,3.965580067873434,947461,533817,0.05432712626554455
296.188,0.10099999999999909,1.4967124374250311,1.4554206766808544,0.34914004959703693,-1.026006016877577,-0.29535309804505017,-1.0494752505208222,-0.20539328517807404,0.2354404385482917,4.201020506421726,947461,533817,0.05444268580842323
296.289,0.09899999999998954,1.3307122040692447,1.305699018157931,0.25679767140735893,-1.067093432070367,-0.42052252647834687,-1.1964727388655871,-0.24065643018737445,0.19419590615883328,4.395216412580559,947461,533817,0.05459217616452759
296.388,0.10000000000002274,1.4851958724125103,1.4551106353404515,0.29742195337645316,-1.0842169419351566,-0.5680516870000283,-1.3257369416632088,-0.2660793996567003,0.20162097199679838,4.596837384577357,947461,533817,0.054735016733334835
296.488,0.10000000000002274,1.2889097503113327,1.2749052705426738,0.1894858717428124,-1.0800936887495824,-0.6968766932202937,-1.471248005197287,-0.2958215949943524,0.14754729435267855,4.744384678930036,947462,533817,-0.054822480998396816
296.588,0.10099999999999909,1.4177990890206682,1.3994765310435227,0.22719968284798406,-1.052636537014523,-0.8374173933484,-1.5987385322515832,-0.31477018216863795,0.16094204797078424,4.90532672690082,947462,533817,-0.05472319284793696
296.689,0.09899999999998954,1.344483393157267,1.344224101812719,0.026403760744770688,-1.0245542617929984,-0.9675251267074704,-1.7400856618869778,-0.3377173501362841,0.01963985452138353,4.924966581422203,947462,533817,-0.05462424511838282
296.788,0.0999999999999659,1.3718315037726307,1.35908131439635,0.18660025616747417,-0.9776403452421567,-1.0964371167676608,-1.873163847966423,-0.3403313224500161,0.1364457068058179,5.061412288228021,947462,533817,-0.05448825042777435
296.888,0.10000000000002274,1.4093367328780217,1.3943033298966796,0.20530039181240667,-0.9106657117821513,-1.2204399342328294,-2.0090719794060115,-0.3589913480667572,0.14619181927533975,5.207604107503361,947462,533817,-0.0543340466595501
296.988,0.10000000000002274,1.4937199993426988,1.4667074409317737,0.28278740981825856,-0.8160831853348354,-1.336051958067794,-2.148502312395711,-0.37952138724800255,0.1904670805484714,5.398071188051832,947462,533817,-0.05417645606275095
297.088,0.0999999999999659,1.4543689195692326,1.4539807664483273,0.033598884018843894,-0.7214164410061482,-1.4464607306371977,-2.295173056488922,-0.40780012822983486,0.023104092041835098,5.421175280093667,947463,533817,-0.05405005643556812
297.188,0.10000000000002274,1.5478098440440926,1.547658611143602,0.021636466274690236,-0.6190348129818519,-1.5625432675508244,-2.440571133133705,-0.4111600166317181,0.013979217840244699,5.435154497933912,947463,533817,-0.05394636329650956
297.288,0.10099999999999909,1.6730192532377168,1.6617551230882444,0.1938126223806425,-0.4933360580103453,-1.6754695926190566,-2.5953369942481004,-0.4133236632591876,0.11610671248163681,5.551261210415548,947463,533817,-0.05381473203141573
297.389,0.09899999999998954,1.7033845510258419,1.6849415228471945,0.24998198586875436,-0.3527090832670017,-1.7685386046179923,-2.7631742616800117,-0.43289873811963236,0.14728800961038854,5.698549220025937,947463,533817,-0.05366709950925303
297.488,0.10000000000002274,1.7630206425841017,1.712360665763084,0.41959830376809937,-0.1867556438379139,-1.8280522484607853,-2.929983472441866,-0.45764695472063643,0.24030580413321953,5.938855024159157,947463,533817,-0.05343471773215568
297.588,0.0999999999999659,1.8780010961231028,1.8296535949067654,0.4233861590608812,-0.00023794110998531792,-1.8499617838156888,-3.1012195390182136,-0.49960678509745593,0.22739988127896082,6.166254905438118,947464,533817,-0.053214964377674985
297.688,0.10099999999999909,1.842953796296698,1.842805565442229,0.023373986813490066,0.18488988138551174,-1.8693310509332486,-3.2841848985088276,-0.5419454010035296,0.012683233592727385,6.178938139030845,947464,533817,-0.05306104329175513
297.789,0.09899999999998954,1.9632527467615328,1.932598905836395,0.34557606518199746,0.3787385432093747,-1.8552139734180197,-3.470308260618491,-0.5443061736716921,0.17694408427287386,0.07269691612413265,947464,533817,-0.05288920768182197
297.888,0.10000000000002274,1.8480392493571351,1.8466212732180547,0.07238052544030116,0.5623872095884239,-1.8345824924033896,-3.661635552296274,-0.5785182041247062,0.03917613944427717,0.11187305556840982,947464,533817,-0.0526658132372381
297.988,0.10099999999999909,1.9106497761073584,1.88247310924864,0.3269213359431541,0.7476421996206327,-1.7805437892961602,-3.8462976796181216,-0.585756256668738,0.17195089043330256,0.28382394600171235,947464,533817,-0.05243168801265205
298.089,0.09899999999998954,1.8671122910368925,1.8627447403505943,-0.12763361484040914,0.9282142847644457,-1.7410334161384968,-4.036427463652233,-0.6187753115989962,6.214773123891572,0.215411762713698,947465,533817,-0.0522699613613227
298.188,0.10099999999999909,1.9792245775056199,1.9542248895658292,0.31358413417091463,1.1142594396177767,-1.6679041952128575,-4.220839192946922,-0.606139583729797,0.15910834167420468,0.3745201043879027,947465,533817,-0.05211683300138511
298.289,0.09899999999998954,1.832988005057813,1.8320273564194638,0.05933626223930599,1.2809091589821882,-1.5960869818005865,-4.418215906793069,-0.6378115812810591,0.03237698777855597,0.40689709216645864,947465,533817,-0.051922056440040505
298.388,0.10000000000002274,1.946986695624401,1.925053335045118,0.2914221168169866,1.4461636879525948,-1.4931379041739727,-4.599586615078577,-0.6436858712427498,0.1502431373999867,0.5571402295664454,947465,533817,-0.05170540530530631
298.488,0.10099999999999909,1.8897954843492932,1.8896775794442444,-0.021109675808051787,1.6092852494217185,-1.3940295663206412,-4.792091948583132,-0.6728280829244551,6.27201472549134,0.5459696478781995,947465,533817,-0.05149553343441817
298.589,0.09899999999998954,1.9748850489420915,1.953087141046177,0.29261164709402454,1.7594898137400183,-1.2688730067524698,-4.982949384106999,-0.6706960056678418,0.1487139697554665,0.6946836176336659,947466,533817,-0.05124543509244017
298.688,0.10000000000002274,1.9833328657689602,1.9824939583686407,-0.05767981857768534,1.9154884849178144,-1.146396449178488,-5.17630501107055,-0.6996645587301472,6.254098937769336,0.6655972482234151,947466,533817,-0.050979404289893296
298.788,0.0999999999999659,1.9677649900254737,1.929825158762365,0.38454377199190865,2.0435318241500924,-0.9969779301190322,-5.374554406907459,-0.6938965768723774,0.19668731471902243,0.8622845629424376,947466,533817,-0.05074483363181031
298.888,0.10000000000002274,1.9616145389063488,1.9527556521654987,0.18621751309816503,2.156458423873346,-0.8365818607549445,-5.5675369227836295,-0.7323509540715551,0.09507390145131114,0.9573584643937487,947466,533817,-0.05053916850990942
298.988,0.10000000000002274,2.015119441210728,2.0140985422170914,0.06413598509746143,2.2671622016332633,-0.6682021196541944,-5.762812488000224,-0.7509727053813758,0.031832762281902585,0.9891912266756513,947467,533817,-0.05032018707299497
299.088,0.0999999999999659,1.9860644771701335,1.97946979855714,0.16171401942080277,2.3623949784179943,-0.49391718255229367,-5.964222342221978,-0.7573863038911235,0.08151459758908673,1.070705824264738,947467,533817,-0.05008410227952298
299.188,0.10000000000002274,1.946507498904158,1.945497433810426,0.06269910946071622,2.4501804529103173,-0.3201857090045334,-6.162169322077625,-0.7735577058331983,0.03221665307919213,1.1029224773439301,947467,533817,-0.0498752992083301
299.288,0.0999999999999659,1.975429813013867,1.9750880414961711,0.03674472047547228,2.5359753067947604,-0.14224618976172881,-6.356719065458711,-0.7798276167792714,0.018601946504500488,1.1215244238484305,947467,533817,-0.0496916683196137
299.388,0.10000000000002274,1.9762901631863983,1.9736638401743023,0.10185212366831964,2.6125189945883336,0.03995779468990435,-6.554227869608261,-0.7835020888268174,0.05155987070704971,1.1730842945554802,947467,533817,-0.04948515849217118
299.488,0.10099999999999909,1.913320047753073,1.9105410435864072,0.1030850421039996,2.677657164915645,0.22189397672190045,-6.751594253625736,-0.7936873011936516,0.05390367382943339,1.2269879683849136,947468,533817,-0.049250033435563334
299.589,0.09899999999998954,2.087830202599168,2.0450693838962217,0.4203881182141219,2.7067191802708557,0.42653586113541714,-6.944558899027962,-0.8040988904461555,0.20273766783706226,1.429725636221976,947468,533818,-0.049036975457529795
299.688,0.10000000000002274,1.955929962183158,1.9374429859622493,0.26828472396223757,2.7073982992849452,0.6221276783646668,-7.147020768033666,-0.8457173141493491,0.13759858067253025,1.567324216894506,947468,533818,-0.04879268483458835
299.788,0.10499999999996135,1.9631688898145687,1.9405866521285187,0.29690997880905623,2.676930420670825,0.8259962933211278,-7.3407650666299356,-0.872545786545579,0.15182274515439725,1.7191469620489033,947468,533818,-0.04855215391014963
299.893,0.09500000000002728,1.9520935792315317,1.9143032795160158,0.382246381423289,2.6141358522708913,1.0004902272894194,-7.544526665103355,-0.9037213343205185,0.1970869959057437,1.916233957954647,947468,533818,-0.04831204735723266
299.988,0.10000000000002274,1.9997061515087282,1.9521410243263657,0.43355520239510015,2.5072403049813663,1.1694919695689283,-7.726385476657429,-0.9400347405557413,0.21854499382197914,2.1347789517766262,947469,533818,-0.04814116222837756
300.088,0.0999999999999659,2.0214492430351423,1.9982354056028795,0.3054706302780112,2.374607049926782,1.3220402900292703,-7.92159957909011,-0.9833902607952612,0.15169579264809813,2.286474744424724,947469,533818,-0.04798308118665467
300.188,0.10000000000002274,2.010365033993365,1.9339414769331038,0.5490336362199946,2.206282708652891,1.4319611335202136,-8.121423119650329,-1.0139373238230518,0.27661558865579566,2.56309033308052,947469,533818,-0.047805551804884154
300.288,0.0999999999999659,2.1136567696420396,2.1034872940667166,0.2070896992935808,2.018838348447487,1.5296343705183415,-8.314817267343683,-1.0688406874450638,0.09813441217109711,2.661224745251617,947469,533818,-0.0476256313534786
300.388,0.10099999999999909,2.0222049224433363,1.9296355166137524,0.6048301591164555,1.8177731752540345,1.5655213524845912,-8.525165996750284,-1.0895496573744148,0.3037434642124191,2.964968209464036,947469,533818,-0.047469300248826556
300.489,0.10000000000002274,2.134864358943147,2.1247866658238572,0.20718942015187725,1.604959690132077,1.582458851152473,-8.72005918392827,-1.1506375034451763,0.09720338943335019,3.0621715988973865,947470,533818,-0.0473048203597234
300.589,0.10000000000002274,1.9735779793552868,1.9368549203795007,0.37894994128224124,1.40887823504869,1.5600498489801244,-8.932537850510705,-1.1713564454603689,0.193211516446466,3.2553831153438524,947470,533818,-0.047175192981094315
300.689,0.09899999999998954,2.077168014934808,2.051696267084113,0.324298303882904,1.210719323542187,1.5050889115086827,-9.1262233425487,-1.2092514395886016,0.1567665360246364,3.412149651368489,947470,533818,-0.04709671009884596
300.788,0.10099999999999909,2.0828800751468814,2.0276907828048505,0.47629769763471497,1.0262298375897376,1.4039971713993384,-9.329341272990005,-1.2413569716730057,0.23071398213966815,3.642863633508157,947470,533818,-0.047012341513111025
300.889,0.09899999999998954,2.126988268690834,2.029218965686435,0.6374554764427919,0.8803784780129631,1.2521160332644574,-9.534138042053293,-1.2894630391341115,0.3043767512009338,3.9472403847090907,947471,533818,-0.04684650924603813
300.988,0.10000000000002274,2.0674604074765126,1.9791781008865441,0.5977010803521111,0.7864028078445726,1.067962567966487,-9.735030719656228,-1.3525711313019413,0.2932856880864702,4.240526072795561,947471,533819,-0.04679257432251781
301.088,0.0999999999999659,2.117823971375851,2.0209291502138127,0.6332643551868825,0.7509485154519765,0.8591689452471819,-9.932948529744927,-1.412341239337166,0.3036618543798011,4.544187927175361,947471,533819,-0.046777701685661
301.188,0.10099999999999909,2.084065448744682,2.020848003598506,0.50941352652173,0.7675040487421149,0.6493304088633304,-10.13504144476624,-1.4756676748558326,0.24693449477917484,4.791122421954536,947471,533819,-0.046664951245968395
301.289,0.09899999999998954,2.06014673031172,1.9634709840131344,0.6236876184056931,0.8443465292385989,0.4604053390876466,-10.339147093129686,-1.5271184410345269,0.3075656443159802,5.098688066270516,947471,533819,-0.04658552951605792
301.388,0.10000000000002274,1.9951836454054643,1.9861334908626045,0.18981974440864136,0.9367598411227668,0.28357955596891704,-10.533530720546965,-1.588863515256684,0.09528309542296019,5.193971161693477,947472,533819,-0.04671549726480308
301.488,0.10000000000002274,2.0934782506405227,2.022311002166765,0.5412110460995392,1.078395186360198,0.12941749566047842,-10.732144069633271,-1.6078454896975523,0.2614923028840982,5.455463464577575,947472,533819,-0.046968039331315194
301.588,0.0999999999999659,2.1150600556273966,2.049360552813314,0.5230682206780253,1.25556405060877,0.013892676119627356,-10.934375169849995,-1.6619665943075186,0.24989947411241556,5.70536293868999,947472,533819,-0.0471269881002228
301.688,0.10000000000002274,2.0934606279540993,2.0160048561646753,0.564182435666353,1.455251224328162,-0.04896276644441043,-11.139311225131257,-1.7142734163753033,0.2728712019982089,5.9782341406881985,947472,533819,-0.04724140811538964
301.788,0.0999999999999659,2.081070724024062,2.050171003482078,0.3572873001819731,1.6615365964700912,-0.07643818862745502,-11.34091171074777,-1.7706916599419513,0.17253916396430816,6.150773304652507,947472,533819,-0.047383245468260886
301.888,0.10099999999999909,2.0518131018977366,2.014949370878519,0.38718992486307213,1.8684280347926434,-0.06454280557158562,-11.545928811095909,-1.8064203899601365,0.1898445445111802,0.05743254198410064,947472,533819,-0.04754855960207388
301.989,0.10000000000002274,2.095461798937003,2.057746187879079,0.39577869709399544,2.071591565129102,-0.013218528184661328,-11.749438697554638,-1.8455265723713066,0.19001559824691977,0.2474481402310204,947473,533820,-0.047693210668060745
302.089,0.09899999999998954,2.070863410996944,2.00582611848213,0.5149144098010955,2.2516341097411203,0.08484282108988864,-11.955213316342592,-1.885104442080715,0.2512833512827946,0.498731491513815,947473,533820,-0.04777928020342321
302.188,0.10000000000002274,2.0396265002314373,1.9641544613748452,0.5497031128778826,2.3978312367419243,0.22706505093175663,-12.153790102072302,-1.936080968651018,0.27288588554902177,0.7716173770628367,947473,533820,-0.04785906977960182
302.288,0.0999999999999659,2.046626289308096,2.0014093514545768,0.4278314808393566,2.51145652544417,0.3972886845675506,-12.35020554820983,-1.991051279938819,0.21059552722265176,0.9822129042854885,947473,533820,-0.048044042900506394
302.388,0.10099999999999909,2.034832967390704,2.0231412163343894,0.21781832785389177,2.606603451067342,0.5794555426468937,-12.55034648335522,-2.03383442802274,0.10725031144765586,1.0894632157331443,947473,533820,-0.048252970536275266
302.489,0.09900000000004638,2.112379042710473,2.0795546783509917,0.3709414506777553,2.6693653572486715,0.7789409517237349,-12.754683746204991,-2.055834079135983,0.1765189035487343,1.2659821192818785,947474,533820,-0.04836736472548601
302.588,0.0999999999999659,2.0461000604822566,1.9994008241402446,0.43465135675942107,2.6879090540031605,0.9827089224298886,-12.960559659361836,-2.092557282753098,0.21406020774397116,1.4800423270258496,947474,533820,-0.04842196255506108
302.688,0.10000000000002274,2.0407108549689545,1.9936903112627102,0.43554533215879904,2.6626024715294063,1.1852048108311084,-13.160499741775793,-2.1360224184290253,0.21508271989627034,1.69512504692212,947474,533820,-0.048555345989683606
302.788,0.0999999999999659,2.0843680521882253,2.0518576361312526,0.36670208348577105,2.6007705033405397,1.3842593497888793,-13.359868772902109,-2.1795769516449153,0.17685003989186412,1.8719750868139842,947474,533820,-0.048680671229205455
302.888,0.10000000000002274,2.1211756276260174,2.07675018998982,0.4318503115801531,2.4979233520761075,1.5697757207892786,-13.565054536515165,-2.21624715999348,0.2050234083458917,2.076998495159876,947474,533820,-0.048760908489712665
302.988,0.10000000000002274,2.125052159230636,2.0496780803516543,0.5609513761251911,2.349482453982186,1.7218407284919008,-13.772729555514195,-2.259432191151505,0.2671365517665185,2.3441350469263944,947475,533821,-0.04881647809400931
303.088,0.0999999999999659,2.1203381316579177,2.091926467262942,0.34594428471558336,2.178600312435989,1.84737013391621,-13.977697363549407,-2.315527328764037,0.16388791009846912,2.5080229570248633,947475,533821,-0.048884128225431145
303.188,0.10000000000002274,2.1262865478705657,2.087138810180398,0.4061355324200044,1.9863495127129878,1.9382028088875018,-14.18689001027563,-2.3501217572355837,0.19218789289287716,2.7002108499177404,947475,533821,-0.048976123024111806
303.288,0.0999999999999659,2.1213982040797847,2.10266550870095,0.2812971716749241,1.7842177254461198,2.0025925905224806,-14.395603891293716,-2.3907353104775932,0.13299157662151576,2.8332024265392564,947475,533821,-0.04905037874389554
303.388,0.10000000000002274,2.0722127758013027,2.0160996430609552,0.4789655702069095,1.5775812194881538,2.018149334636993,-14.60587044216374,-2.4188650276450763,0.23324642727098358,3.06644885381024,947475,533821,-0.049121888655762155
303.488,0.10000000000002274,2.078802968311348,2.070196310063262,0.18896830120558744,1.3697271474083204,2.0148474366295224,-14.807480406469882,-2.466761584665778,0.09102811836613633,3.1574769721763767,947476,533821,-0.04922553125129247
303.588,0.0999999999999659,2.188628918882219,2.0319110285325137,0.8132859993234194,1.1678534728174128,1.9303016800665391,-15.014500037476255,-2.485658414786341,0.38072764907712814,3.538204621253505,947476,533821,-0.04930853543838222
303.688,0.10000000000002274,2.02974563783434,1.9836133200266788,0.43028542959327604,1.001511659658696,1.8139871292220098,-15.217691140329437,-2.5669870147186553,0.21361061704391737,3.7518152382974224,947476,533821,-0.049373921047982834
303.788,0.0999999999999659,2.162367001915988,2.105198493659248,0.49393355147223206,0.8572911869792182,1.6528698869112393,-15.41605247233215,-2.610015557677993,0.23045716630585128,3.9822724046032736,947476,533821,-0.04945829636945685
303.888,0.10099999999999909,2.042862376391092,2.0236122280058275,0.2797860603024197,0.742030626267278,1.4817363114283004,-15.626572321698005,-2.6594089128251994,0.1373896789050867,4.11966208350836,947476,533821,-0.049568334268661765
303.989,0.09900000000004638,2.1246889798950805,2.1105068768419253,0.2450795464549012,0.645435575804557,1.294883207386581,-15.83095715672659,-2.6876673049157436,0.11560576787079065,4.235267851379151,947477,533821,-0.049677341653206114
304.088,0.10099999999999909,2.111150140144535,2.058371698957709,0.4691064518446142,0.5920534231785748,1.088447399298209,-16.03989733753404,-2.7119301800147904,0.22407461953324964,4.4593424709124,947477,533821,-0.04974188101993556
304.189,0.09899999999998954,2.211485341067953,2.1520400704785336,0.5093043773748549,0.5875303140547499,0.8695570778902256,-16.247792879128767,-2.759309931651096,0.2323856347447502,4.69172810565715,947477,533822,-0.049830956645282254
304.288,0.0999999999999659,2.130559893713498,2.102263372807972,0.34608405344731485,0.6177881819781912,0.6586606197983427,-16.46084484610612,-2.809731065011201,0.16316104736301373,4.854889153020164,947477,533822,-0.04995292280753337
304.388,0.10000000000002274,2.1678509960519934,2.1672530609188696,-0.05091277856697274,0.6435274875778166,0.4434089820389364,-16.671071183386847,-2.8443394703559206,6.259697779630372,4.831401625470949,947478,533822,-0.050050005010817425
304.488,0.10000000000002274,2.198028609889515,2.1739952360679435,0.32415194499913297,0.7015256456736544,0.23139598395523275,-16.887796489478784,-2.8392481924992223,0.14801380070147938,4.979415426172428,947478,533822,-0.05013714034874697
304.588,0.10099999999999909,2.1447595667539017,2.088906227791303,0.48627602313613316,0.8045689116717001,0.04085302282122846,-17.105196013085628,-2.871663386999143,0.22871638430559865,5.208131810478027,947478,533822,-0.05024431928846489
304.689,0.09899999999998954,2.0325337401974983,2.0172243935317593,0.24899628748569383,0.9212488051172956,-0.12308485879350095,-17.316175542092548,-2.9207772653358917,0.12281387078547548,5.330945681263502,947478,533822,-0.05033866851779957
304.788,0.0999999999999659,2.087291595357853,2.084632582166419,0.10532426796184202,1.0507092251069496,-0.28681592394788136,-17.51588075705217,-2.945427897796973,0.05048121470068286,5.381426895964185,947478,533822,-0.05042843617931773
304.888,0.10000000000002274,2.158157741686891,2.1529568764431066,0.14973819212012224,1.195988157771957,-0.4464106610283002,-17.72434401526874,-2.9559603245931534,0.0694382009951521,5.450865096959337,947479,533822,-0.050557023186786815
304.988,0.10000000000002274,2.027018897454732,2.0191954096778995,0.17791994878117579,1.3450697727032626,-0.5837523087389586,-17.9396397029131,-2.970934143805169,0.08788729255835319,5.53875238951769,947479,533822,-0.05072762265906131
305.088,0.0999999999999659,2.082516782259206,2.0824233500101728,-0.019726624740337595,1.4968896443536037,-0.7262987504902585,-18.141559243880938,-2.9887261386832904,6.273712672948842,5.529279755286947,947479,533822,-0.05095021573625143
305.188,0.10000000000002274,2.1063635170491604,2.0835514821116283,0.3091609408482007,1.6699467422400822,-0.8463775310082463,-18.349801578881884,-2.986753476209257,0.1473068976592359,5.676586652946183,947479,533822,-0.05113780779736226
305.288,0.0999999999999659,2.0902988975081778,2.0752709000340066,0.25020026458009104,1.854712618972126,-0.9441275468887999,-18.558156727093095,-3.017669570294084,0.11998360196355695,5.7965702549097395,947479,533822,-0.05132489962087782
305.388,0.10000000000002274,2.154359183761228,2.1185198825461526,0.391327228688447,2.0602728987982113,-1.0086070497126118,-18.765683817096424,-3.042689596752085,0.18265838755385042,5.97922864246359,947480,533822,-0.051462767325757046
305.488,0.10000000000002274,2.0364957863855984,2.016933778934198,0.28159051717078937,2.2611485428400426,-1.0421052065344634,-18.97753580535109,-3.0818223196209384,0.13871652679350796,6.117945169257098,947480,533822,-0.05157179711676193
305.588,0.103999999999985,2.047966484458026,1.9923172043362853,0.4741717819198153,2.4736388217060252,-1.0275453766319007,-19.179229183244555,-3.1099813713380238,0.2336531866473739,0.06841304872488507,947480,533822,-0.05173424941343941
305.692,0.09600000000000364,2.0630568983566753,2.062674994924748,0.03969422085463059,2.670931913891163,-1.0102072774809445,-19.386430172495498,-3.1592952366576776,0.019241675013288592,0.08765472373817366,947480,533822,-0.05195149284887838
305.788,0.0999999999999659,2.075413804857712,2.0747199703583474,0.0536610285982784,2.877137618912471,-0.9866991548299164,-19.58444697200828,-3.1631058818597224,0.025858462107011815,0.11351318584518548,947480,533822,-0.052223512996445016
305.888,0.10099999999999909,2.0708407262086332,2.0595273737740496,0.21616731945339673,3.0813381746434327,-0.9414453061937322,-19.791918969044044,-3.1684719847195484,0.10457677011069316,0.21808995595587866,947481,533823,-0.05248075326151615
305.989,0.09900000000004638,2.190143817053143,2.1724926650035377,0.2774987565412446,3.2853762499307484,-0.8680885480257424,-19.99993123379522,-3.190304883984341,0.12704492426256975,0.3451348802184484,947481,533823,-0.05269551525936478
306.088,0.0999999999999659,2.0519430349749284,1.9955820712657575,0.47762162390828644,3.4570074082192304,-0.7556276761975973,-20.215008007630672,-3.2177772608819373,0.23492036410145684,0.5800552443199052,947481,533823,-0.052896165741322755
306.188,0.10000000000002274,2.1885110790749502,2.188472774208495,-0.012948350550398391,3.64076801632825,-0.636767058919362,-20.41456621475718,-3.2655394232727497,6.277268761351486,0.5741386984918053,947481,533823,-0.05309151427916904
306.288,0.10099999999999909,2.043151348460145,2.0267370382477505,0.2584654919118698,3.7984689284408946,-0.5036724887823356,-20.63341349217808,-3.2642445882177094,0.12684321165634765,0.7009819101481529,947482,533823,-0.053340699089789965
306.389,0.09899999999998954,2.0798737047710003,2.062170240008077,0.270792409463182,3.93719535539555,-0.3515117984203619,-20.8381139330411,-3.290349602900808,0.13056722838130208,0.831549138529455,947482,533823,-0.053626139560510044
306.488,0.10000000000002274,2.039160723849831,2.039160630554111,-0.0006168386553545846,4.074625673035707,-0.2008642880849367,-21.042268786801877,-3.31715805143766,6.282882810835111,0.83124664218498,947482,533823,-0.05390095154757461
306.588,0.0999999999999659,2.1349074048501273,2.1326554038213823,0.09803344243349998,4.211114676710873,-0.03670263559395934,-21.246184849857336,-3.3170963675721246,0.04593544753334434,0.8771820897183243,947482,533823,-0.05415707124294465
306.688,0.10000000000002274,2.1156241378729197,2.113411578830332,0.09673154199338635,4.338791329267038,0.13199036165126768,-21.4594503902394,-3.326899711815471,0.04573840673717508,0.9229204964554995,947482,533823,-0.05438143858642557
306.788,0.0999999999999659,2.1393747537775,2.139027299298765,0.038555803132229845,4.464806034117702,0.3048762706559474,-21.67079154812248,-3.3365728660148117,0.018022971652889082,0.9409434681083886,947483,533823,-0.05459563687412493
306.888,0.10000000000002274,2.1490620856368,2.1418607830315928,0.17578462399449352,4.5767617676673416,0.48831724809719174,-21.884694278052283,-3.3404284463280334,0.08188745898708648,1.022830927095475,947483,533823,-0.05481036051649185
306.988,0.10000000000002274,2.006569086548844,1.9955857914081172,0.20965888539124597,4.662825935617201,0.6695799138230695,-22.09888035635549,-3.3580069087274866,0.10467731251693581,1.1275082396124108,947483,533823,0.0546378883011858
307.088,0.0999999999999659,2.2047705091277696,2.18012044002469,0.3287671895218208,4.726634869674597,0.880621497198529,-22.298438935496346,-3.378972797266616,0.1496745063665275,1.2771827459789382,947483,533823,0.054437367497465104
307.188,0.10000000000002274,2.1150161751588787,2.104446394841443,0.21118426177759125,4.767325644462665,1.088171961083831,-22.516450979498742,-3.411849516218787,0.10001661753851412,1.3771993635174524,947483,533823,0.05418153610881726
307.288,0.10099999999999909,2.1611708814034354,2.124636752692905,0.3956996938748495,4.7693912150452755,1.306440446623389,-22.726895618982933,-3.4329679423965507,0.18413380638178253,1.561333169899235,947484,533823,0.05390760667455267
307.389,0.09899999999998954,2.148297293053272,2.1149498528413218,0.37705222357982193,4.734046082845661,1.5161643440518264,-22.941483931004914,-3.47293361147791,0.17642594424810198,1.737759114147337,947484,533823,0.05364359031147625
307.488,0.10000000000002274,2.168052597696392,2.1383624392708636,0.35757257262496395,4.663249015501061,1.7210845624764763,-23.150863966436184,-3.5102617816123085,0.1656850082745565,1.9034441224218934,947484,533823,0.05340797732410699
307.588,0.0999999999999659,2.1964980261558558,2.1429533750640664,0.48203154586406316,4.547710848049406,1.9078918633267004,-23.364700210363317,-3.546019038874813,0.22125538446971946,2.124699506891613,947484,533823,0.05323004803280279
307.688,0.10000000000002274,2.146349570150932,2.1196272274952865,0.33763426032873967,4.407501120235003,2.070401546112382,-23.57899554786965,-3.594222193461203,0.15796237385391923,2.282661880745532,947485,533823,0.05303334735152429
307.788,0.0999999999999659,2.0782798366046777,2.0736246186269898,0.13902525044623226,4.261515910242419,2.2183231106517267,-23.790958270619225,-3.6279856194940847,0.06694437569801816,2.3496062564435505,947485,533823,0.052800981416711995
307.888,0.10000000000002274,2.1173691241205814,2.0930196512883423,0.32018861175873253,4.091705903189796,2.3448026804746824,-23.998320732481854,-3.641888144538703,0.1518023748883547,2.501408631331905,947485,533823,0.052543857277231154
307.988,0.10000000000002274,2.1678356207583294,2.1190787163717664,0.4571834122634363,3.8944492565675892,2.434718908985835,-24.207622697610738,-3.6739070057145837,0.21248938592667466,2.71389801725858,947485,533823,0.05231518603781146
308.088,0.0999999999999659,2.1733915116785987,2.1112776961365336,0.5158848251625499,3.6809413817912118,2.475347643138014,-24.419530569247964,-3.719625346940938,0.23965135955962005,2.9535493768182,947485,533823,0.05214425542698148
308.188,0.10000000000002274,2.158640252854454,2.082550584773544,0.5680764060431576,3.4657380131226834,2.458471994226815,-24.630658338861547,-3.7712138294571753,0.2663003466625848,3.2198497234807846,947486,533823,0.051972868087429035
308.288,0.0999999999999659,2.1483728457232085,2.1092996122478875,0.4078737917686649,3.258642251526651,2.4013195282140845,-24.83891339733895,-3.828021470061504,0.19101183430144547,3.41086155778223,947486,533823,0.05175099779538314
308.388,0.10099999999999909,2.1195368302104844,2.1065553800353234,0.23422383623991516,3.059840193498286,2.321914961713339,-25.049843358563667,-3.8688088492383566,0.1107332452047539,3.521594802986984,947486,533823,0.051544373714493136
308.489,0.09900000000004638,2.078319078081351,2.0206271213441576,0.48628821372241926,2.8919254900983153,2.2030066287108303,-25.262605451947234,-3.892465456698588,0.23617085528714538,3.7577656582741294,947486,533823,0.05131102803433747
308.588,0.10099999999999909,2.1407321909024026,2.110670603087713,0.3574967390440794,2.738818892146291,2.0503408421305993,-25.4626475369604,-3.94060798985713,0.167783527327438,3.9255491856015676,947487,533823,0.05105549403857458
308.689,0.0999999999999659,2.115284726742197,2.0959323851323286,0.28547664027432845,2.610557714019708,1.882134525550518,-25.675825267872256,-3.9767151605005817,0.13537204983258616,4.0609212354341535,947487,533823,0.05081589153731784
308.789,0.09899999999998954,2.0366013524793427,2.008319062005069,0.33823012004812364,2.51662711710182,1.7037274282053385,-25.885418506385417,-4.005262824528005,0.16684882209765708,4.227770057531811,947487,533823,0.05062775297279397
308.888,0.10099999999999909,2.203465144288459,2.1223527223521854,0.5923491909494156,2.4697023846244353,1.4861807369183242,-26.084242093523898,-4.038747606412766,0.2721741772118447,4.499944234743656,947487,533823,0.05042497560948997
308.989,0.09900000000004638,2.1910410168141636,2.159498099379843,0.3704439176675603,2.4604740882111007,1.2694640683571885,-26.298599718481466,-4.098574874698657,0.16988814494572285,4.669832379689379,947487,533823,0.050189822873882364
309.088,0.0999999999999659,2.2005825490982316,2.141450191231063,0.50670961493948,2.501988638917512,1.0533572021229838,-26.51239003032017,-4.135248822547762,0.23234647750997972,4.902178857199359,947488,533823,0.04998937309869231
309.188,0.10000000000002274,2.174967797995228,2.115436910941989,0.5053826254833342,2.591527687761096,0.8551461833693083,-26.726535049443203,-4.185919784041693,0.23450675365929563,5.136685610858654,947488,533823,0.04979644829572919
309.288,0.0999999999999659,2.213287801378221,2.173941045998939,0.41547950641479026,2.7188882997176007,0.6741331909092984,-26.93807874053745,-4.236458046590038,0.1888408785515644,5.325526489410219,947488,533823,0.04957081100288177
309.388,0.10000000000002274,2.165298041022741,2.138259894872898,0.34111615094431275,2.869829602418539,0.5188853915576352,-27.155472845137268,-4.278005997231503,0.15819675501657943,5.483723244426798,947488,533823,0.04930780858515986
309.488,0.10000000000002274,2.1198744147042845,2.1028292380398956,0.26828479226818697,3.035651767009296,0.38681841963946584,-27.369298834624608,-4.312117612325942,0.12689722222183236,5.610620466648631,947489,533823,0.04906513356863911
309.588,0.0999999999999659,2.1779181465638224,2.123934308765029,0.4819030039155328,3.2318137906314157,0.2921942418635792,-27.579581758428645,-4.338946091552766,0.22311423074812825,5.833734697396759,947489,533823,0.04884206671796551
309.688,0.10000000000002274,2.1845904799047573,2.175032766586828,0.20412748262824848,3.4365846746277366,0.21608090061323074,-27.791975189305077,-4.387136391944303,0.0935762086359703,5.927310906032729,947489,533823,0.04861647320757474
309.788,0.10099999999999909,2.1876675625639805,2.136660160304023,0.4696517046325021,3.6553924009217242,0.18535572658241148,-28.00947846596381,-4.4075491402071325,0.21636569173087394,6.143676597763603,947489,533823,0.04836737622077311
309.889,0.09899999999998954,2.201741324135402,2.1779495487382783,0.3228012105867051,3.87335844146069,0.18701959225858664,-28.225281142154515,-4.454983962375015,0.14714216164709037,0.0076334522311070074,947489,533823,0.048091365596322995
309.988,0.10000000000002274,2.107466686956167,2.091020551115813,0.26277155751969156,4.0822538209908785,0.21489213748249236,-28.440898147479583,-4.486941282223095,0.12501133905081774,0.13264479128192475,947490,533822,0.04784608955226668
310.088,0.0999999999999659,2.147701634876011,2.142033724336357,0.15592894617358694,4.292513282718129,0.2586777730108972,-28.65000020259121,-4.513218437975071,0.07266663913896618,0.20531143042089092,947490,533822,0.047622244339684296
310.188,0.10000000000002274,2.1777456777968234,2.163922887972211,0.24497749299221352,4.499366394532888,0.3267773508671507,-28.864203575024774,-4.528811332592424,0.11272993429970145,0.31804136472059236,947490,533822,0.04736747785811853
310.288,0.10099999999999909,2.117553870915551,2.0992538398036444,0.2777907707233775,4.691984364969386,0.4197286948104212,-29.080595863822044,-4.553309081891651,0.13156396132655096,0.4496053260471433,947490,533822,0.04709801888249342
310.389,0.09899999999998954,2.170180041796906,2.140278981003224,0.35900877049094987,4.86736746188585,0.5438268690627748,-29.29262050164221,-4.581365949734712,0.16619208079780495,0.6157974068449483,947490,533822,0.04682335526192985
310.488,0.10000000000002274,2.213113051375114,2.1936873363794867,0.2925837459175403,5.02954111732528,0.6944203591714249,-29.504508120761507,-4.6169078180133125,0.1325927833060632,0.7483901901510115,947491,533822,0.04657770618184965
310.588,0.0999999999999659,2.19478783019735,2.1696312612257413,0.3313514899534775,5.165981348011214,0.8663360351470618,-29.723876854399506,-4.646166192605073,0.15155146086664512,0.8999416510176566,947491,533822,0.04637286579302751
310.688,0.10099999999999909,2.228495279611205,2.204529843584831,0.3259438295063485,5.27861147120506,1.0612066894162298,-29.940839980522007,-4.67930134160041,0.1467884143490278,1.0467300653666844,947491,533822,0.046162542775732424
310.789,0.10000000000002274,2.1202895458954303,2.08870526107007,0.3646067618841704,5.351563939094403,1.2602901267313646,-30.163497494724073,-4.7122216683805505,0.17281981099405191,1.2195498763607364,947491,533822,0.045922970506613515
310.889,0.0999999999999659,2.154665636829675,2.113808046009281,0.4176117229689013,5.385081972735855,1.4731336877947079,-30.37236802083113,-4.748682344568976,0.19505186277743433,1.4146017391381707,947491,533822,0.04573394068280506
310.989,0.10000000000002274,2.139320191798789,2.0615658960763423,0.5715215999181088,5.360695331674565,1.6856712152296263,-30.583748825431986,-4.790443516865851,0.27043539596802907,1.6850371351061997,947492,533822,0.045656699269280274
311.089,0.10000000000002274,2.206737367760809,2.1475341589962516,0.5077271375612757,5.285773300019072,1.8932370777295915,-30.789905415039666,-4.847595676857675,0.23216035500120805,1.9171974901074078,947492,533822,0.04549741812223546
311.189,0.09899999999998954,2.1243272480700495,2.0932681459090614,0.36193193588754935,5.18171150548135,2.0759958394932525,-31.00465883093934,-4.898368390613814,0.17121006833881966,2.0884075584462276,947492,533822,0.045332607073252415
311.288,0.0999999999999659,2.245677337927626,2.168401742255414,0.5840381753493463,5.023664620913104,2.235532196913918,-31.211892377384316,-4.934199652266678,0.26309694268289713,2.3515045011291247,947492,533821,0.045149518772877595
311.388,0.10000000000002274,2.1332800761133224,2.11696719662776,0.2633130675528001,4.855969969745379,2.367393270780227,-31.428732551609784,-4.992603469801592,0.1237466670795427,2.4752511682086675,947492,533821,0.04496620559099883
311.488,0.10000000000002274,2.2284849163276035,2.1950117508038347,0.3847966165817078,4.659637838004959,2.4728216553324027,-31.64042927127261,-5.018934776556878,0.17354162411964003,2.6487927923283077,947493,533821,0.044765767543599976
311.588,0.0999999999999659,2.226099537371214,2.1688355350294444,0.5016687874264015,4.444827214734546,2.531230452897377,-31.859930446353044,-5.057414438215058,0.22731021833905315,2.876103010667361,947493,533821,0.0445140361307501
311.688,0.10099999999999909,2.154850495502597,2.1281469777306983,0.33818796422031466,4.22845290610063,2.5546672755302198,-32.076813999855915,-5.107581316957681,0.157594181253957,3.033697191921318,947493,533821,0.04430062718758501
311.789,0.09899999999998954,2.1378758325700447,2.1041417468249244,0.3782863792890489,4.017321323173497,2.539866824742415,-32.29175684460672,-5.141738301343933,0.17788157275142313,3.2115787646727414,947493,533821,0.04412546013073142
311.888,0.10099999999999909,2.2088047360782532,2.1251803340414646,0.6020190278763047,3.807455519109309,2.464201968986954,-32.50006687754236,-5.179188652893545,0.27604675260603084,3.4876255172787722,947493,533821,0.04398936782281741
311.989,0.09900000000004638,2.157218684597022,2.0587983980649835,0.6441596147691686,3.6373452258986587,2.3350805231408334,-32.714710091280544,-5.239992574709052,0.3032322494380136,3.790857766716786,947494,533821,0.04394244745424626
312.088,0.10099999999999909,2.0917097672475116,2.0277814671357497,0.5131784016688801,3.505548599132582,2.1699697364644353,-32.918531132689075,-5.3037643765712295,0.2478695711123716,4.038727337829157,947494,533820,0.04397043020789177
312.189,0.09899999999998954,2.134864226532713,2.0681261921888,0.5296218640801886,3.4187966418661953,1.9772430409605362,-33.12333706086979,-5.355595395139786,0.25070008894938905,4.289427426778547,947494,533820,0.04400434674263473
312.288,0.10099999999999909,2.1665477404933116,2.1092911579994578,0.4947928077710707,3.376922520948837,1.7624656472077405,-33.32808155389645,-5.408027959683719,0.23041178636879242,4.519839213147339,947494,533820,0.04397814633664842
312.389,0.09899999999998954,2.2251535581223743,2.1250579301412467,0.6598766178373529,3.4007841037931232,1.5434715877601977,-33.541119960854395,-5.458002033268596,0.30108156721075874,4.820920780358097,947494,533820,0.043965729197163544
312.488,0.10099999999999909,2.211429881710947,2.1341024222210634,0.5796800610632414,3.482334824240887,1.335537280686648,-33.751500695938354,-5.523329818434488,0.2652277604598907,5.086148540817988,947495,533820,0.043970042315202344
312.589,0.09899999999998954,2.223252409891249,2.109672554569162,0.7015219102671515,3.6232483704763765,1.1664566553510956,-33.96704504058268,-5.5818775046018745,0.3210241773076843,5.407172718125673,947495,533820,0.04396371866245202
312.688,0.10000000000002274,2.1691264908942545,2.102471665771479,0.5335940668029633,3.798842947912409,1.0391081504125816,-34.17590262348501,-5.651328173718315,0.24854600643146513,5.655718724557138,947495,533820,0.04400814965089837
312.788,0.10099999999999909,2.185330290216906,2.1337347219803995,0.4720642049072707,4.001291633415987,0.9511813406489338,-34.386149790062206,-5.704687580398623,0.21773129264792976,5.873450017205068,947495,533820,0.044025152912221824
312.889,0.0999999999999659,2.237237585655812,2.1541850195663867,0.603919627224363,4.222937287743597,0.9207589136523566,-34.60165699698222,-5.752366065094257,0.27333058461212084,6.146780601817189,947495,533819,0.044020777824665396
312.989,0.09900000000004638,2.1537649320550294,2.1089937151072755,0.4368625552596809,4.435669416460288,0.9352148212364596,-34.817075498938785,-5.812758027816673,0.2042539680100199,0.06784926264762259,947495,533819,0.04399201249933903
313.088,0.10099999999999909,2.1879959170086276,2.1387024776645336,0.4618201434303306,4.648019034220063,0.9963961396142375,-35.0258658767345,-5.856007420787401,0.2126694199535901,0.2805186826012127,947496,533819,0.04399425914481611
313.189,0.09899999999998954,2.176188301561808,2.0833614909840064,0.6288087322384799,4.828975067380316,1.1133168220968206,-35.241874826978616,-5.902651255273864,0.29312945051811634,0.573648133119329,947496,533819,0.04406797267817042
313.288,0.0999999999999659,2.216930434910918,2.1575913576281285,0.5094900261268329,4.982546917797746,1.273202694805062,-35.448127614586014,-5.964903319765467,0.23189044498077263,0.8055385781001017,947496,533819,0.04418458286161952
313.388,0.10099999999999909,2.1572580594791497,2.048013853810181,0.6777917008855439,5.076464812521451,1.4698049802239161,-35.66388675034875,-6.015852322378133,0.31960469006348363,1.1251432681635853,947496,533819,0.04427420040793053
313.489,0.10000000000002274,2.1605873619596405,2.083190565534937,0.5731097768542666,5.1145467904282285,1.6824811200358991,-35.87073614958358,-6.084309284167572,0.2684699112681079,1.3936131794316933,947496,533819,0.04441614387233388
313.589,0.10000000000002274,2.163170199063359,2.1404220174179707,0.31288799508481835,5.121474394122423,1.8986871824121323,-36.07905520613712,-6.141620261853012,0.14515243419671328,1.5387656136284065,947497,533819,0.0446094344452969
313.689,0.0999999999999659,2.1173704958903077,2.0962951251502013,0.29800094821706347,5.098403019633784,2.109163522763826,-36.29309740787897,-6.1729090613615005,0.14120987586444428,1.6799754894928507,947497,533818,0.044727180707511846
313.789,0.09899999999998954,2.100583778331324,2.056102588606975,0.42999343589454836,5.03390738589348,2.3068672337471217,-36.50272692039392,-6.202709156183197,0.20615912196342717,1.8861346114562778,947497,533818,0.044892475501520354
313.888,0.10000000000002274,2.0585394840978926,2.0501857544221402,0.18526516120020187,4.95271031406959,2.496030876139484,-36.70628107666599,-6.245278506336753,0.09012029035044848,1.9762549018067264,947497,533818,0.045104516067327904
313.988,0.10000000000002274,2.1485202832843866,2.113761889991361,0.3849026891365811,4.833965508574134,2.6750869155369625,-36.91129965210825,-6.263805022456777,0.18012017273372993,2.156375074540456,947497,533818,0.045373013674286145
314.088,0.0999999999999659,2.0160486420070627,1.9961581457091218,0.28249740575382687,4.700098363077649,2.8258320933237844,-37.12267584110743,-6.302295291370444,0.14058695268287968,2.2969620272233358,947497,533818,0.04563655545049849
314.188,0.10000000000002274,2.154922943695322,2.105907717873279,0.45699625498057406,4.526093713950418,2.952951372014215,-37.32229165567827,-6.330545031945817,0.21369348307822483,2.5106555103015604,947498,533818,0.04586273787742712
314.288,0.0999999999999659,2.0933888916098184,2.0830597005907308,0.2077001090279919,4.345639576834559,3.059060160118192,-37.532882427465644,-6.376244657443885,0.09938067242746071,2.6100361827290213,947498,533818,0.04610366041186996
314.388,0.10000000000002274,2.147840998378377,2.1020867265777716,0.44096751383811783,4.14208409959763,3.127597574936797,-37.741188397524645,-6.397014668346677,0.20677772258306018,2.8168139053120815,947498,533818,0.0464077494520291
314.488,0.10000000000002274,1.9641976996707085,1.9623015404135926,0.08628596573107375,3.953359215458616,3.1820369369889954,-37.95139707018247,-6.441111419730499,0.04394351045459273,2.8607574157666744,947498,533817,0.046731058038325925
314.588,0.0999999999999659,2.157469064040321,2.1531728856027192,0.13608558702624352,3.74270541213832,3.228638468826182,-38.147627224223875,-6.449740016303608,0.06311839673602772,2.9238758125027022,947498,533817,0.0470355640872243
314.688,0.10099999999999909,2.05500403613718,2.0550027487790077,0.002300228428731798,3.539999677112026,3.273243762594373,-38.362944512784075,-6.463348575006227,0.0011193306040323198,2.9249951431067345,947498,533817,0.04734044686333678
314.789,0.09899999999998954,1.9998775807627565,1.9823527096712312,0.2641743221750038,3.34271179980977,3.289877892949378,-38.57049979041075,-6.463580898077529,0.13248245313887388,3.0574775962456084,947499,533817,0.047725573845961725
314.888,0.10000000000002274,2.0922350353794372,2.089988976480451,0.09692018086751647,3.133637552112552,3.2977793727192757,-38.76675270866818,-6.489734155972852,0.04634033752780886,3.103817933773417,947499,533817,0.04812507158114724
314.988,0.10000000000002274,1.9544305592641642,1.9393084466075183,0.24265522846699045,2.93892864846768,3.2808551016482435,-38.97575160631627,-6.4994261740596055,0.12447769341400261,3.2282956271874195,947499,533817,0.04853595801993319
315.088,0.10099999999999909,1.9334963012443092,1.9268772006691504,0.1598505566672912,2.746443149714154,3.247918310119742,-39.16968245097707,-6.52369169690631,0.08276882488403728,3.3110644520714567,947499,533817,0.04893836030596181
315.189,0.09899999999998954,1.9609162453590694,1.958832090960147,-0.09038451602906572,2.5537877383782255,3.224030564634536,-39.36429704824465,-6.539836603129706,6.237075968493112,3.264955113384982,947499,533816,0.04931081336423443
315.288,0.10099999999999909,2.039421943486215,2.0133408400449566,0.3251161721295297,2.35602620654266,3.1664215134675633,-39.558221425249684,-6.53088853604283,0.16009890226723777,3.42505401565222,947500,533816,0.049735898411012655
315.389,0.0999999999999659,1.8395364402321355,1.8386611935943817,0.056739140917011044,2.1810844944684917,3.1095502507248125,-39.76156885009422,-6.563725269427912,0.030849153171018818,3.4559031688232387,947500,533816,0.050207391013498665
315.489,0.09900000000004638,2.048187614649547,2.0048519570073657,0.41909561592497657,2.0051549763140875,3.0087300629567877,-39.94543496945359,-6.569399183519611,0.20607321605893753,3.661976384882176,947500,533816,0.050693125899486755
315.588,0.0999999999999659,2.0520328595940187,2.0519465358877196,-0.018822080437462252,1.8261863991038516,2.908337648204222,-40.14391531319742,-6.610889649496203,6.274012771620052,3.652803849322641,947500,533816,0.051161954072273
315.688,0.10000000000002274,1.841265862161374,1.8039417188903633,0.3688553239520196,1.6869008097927614,2.787912881806747,-40.34910996678612,-6.609007441452457,0.2016917070634296,3.8544955563860706,947500,533816,0.051551857066209114
315.788,0.10099999999999909,1.8993364455464392,1.8991128402890514,-0.029143665353453585,1.5398775240818976,2.664689320511837,-40.5295041386752,-6.645892973847667,6.267840574996039,3.839150824202523,947501,533816,0.051923517878625994
315.889,0.0999999999999659,1.9233623858404056,1.9007950483616884,0.29377040591145964,1.4130684130597984,2.5200771563124977,-40.721314535544394,-6.642949463646969,0.15333812839833258,3.992488952600856,947501,533816,0.052264499734182485
315.989,0.09900000000004638,1.7884811920552552,1.7631935846931386,0.2996887672775651,1.3202892948716203,2.3692721476366763,-40.9113940403805,-6.672326504238105,0.16836031264815088,4.160849265249007,947501,533816,0.052621686662592176
316.088,0.0999999999999659,1.8900368342820688,1.8765331265024912,0.22552751513234426,1.241167699784622,2.197626682971004,-41.085950205265206,-6.701995692198597,0.11960939491563471,4.2804586601646415,947501,533816,0.053021950417885585
316.188,0.10000000000002274,1.8676750416253594,1.850218598837288,0.25475713459463845,1.1868490017607811,2.0189325877800504,-41.27360351791539,-6.724548443711824,0.13682991633224736,4.4172885764968886,947501,533816,0.05345138080431063
316.288,0.10099999999999909,1.733673253897974,1.6975431305525244,0.35209412263643936,1.171008931467371,1.8445495269653065,-41.45862537779916,-6.750024157171294,0.20451408630101656,4.621802662797905,947502,533816,0.05382913410039552
316.389,0.09899999999998954,1.958090678532458,1.9542107221963616,0.12320535137921995,1.1656547587848478,1.6507725051426223,-41.63007723398496,-6.7855856635575735,0.06296275980095638,4.684765422598861,947502,533815,0.05419739009388001
316.488,0.10000000000002274,1.8883527600204333,1.8775218846164652,0.2019596966303544,1.1806572996952236,1.4625341317194103,-41.82354409548238,-6.797782993344115,0.10715514090874449,4.791920563507606,947502,533815,0.054568997708066544
316.588,0.0999999999999659,1.9940008814986294,1.993946250619829,-0.014760252587169953,1.1950273977161998,1.2636525201083477,-42.01129628394407,-6.817978963007155,6.275782909555693,4.784518165883714,947502,533815,-0.05472725467289862
316.688,0.10000000000002274,1.8296260227102155,1.82431526894335,0.13930248554334723,1.2220686556025417,1.0826992548663976,-42.21069090900598,-6.816502937748439,0.07621088810382579,4.86072905398754,947503,533815,-0.05437100623310573
316.788,0.0999999999999659,1.967748562152887,1.9671506715045566,0.04850401482276023,1.2559396148585404,0.8888614304935483,-42.39312243590036,-6.830433186302777,0.024651995138545813,4.885381049126086,947503,533815,-0.05401050008058738
316.888,0.10000000000002274,1.8161099713241236,1.8161089991863588,0.0018791001120397333,1.28738549965478,0.7099935725401817,-42.589837503050745,-6.835283587785051,0.0010346842850903562,4.886415733411177,947503,533815,-0.053621391306767276
316.988,0.10000000000002274,2.0239247585858453,2.021980615236372,-0.08868945836521613,1.3136610428760584,0.5093139519689511,-42.77144840296942,-6.835471497796255,6.239350739366275,4.842581165597865,947503,533815,-0.053247100870752774
317.088,0.10099999999999909,1.931190359953436,1.931157790295972,-0.011215852899362222,1.3378597394643796,0.31577063928499843,-42.9736464644931,-6.8266025519597315,6.277377533806018,4.836773392224297,947503,533815,-0.05290239064311459
317.189,0.09899999999998954,1.8549007263303392,1.8352040038433857,0.26959779082556756,1.386884297004338,0.1388003900361239,-43.16869340131299,-6.825469750816896,0.14586016511629663,4.982633557340593,947504,533815,-0.05257437507602027
317.288,0.10099999999999909,1.8844970913726142,1.8808560292559924,0.11708921642587211,1.4489958934300475,-0.04111419983955383,-43.35037859769347,-6.852159932108624,0.06217291879769805,5.044806476138291,947504,533815,-0.0522625673410847
317.389,0.09899999999998954,2.0314297290757115,2.0314114562060115,0.008616250204716236,1.5154301703753759,-0.23093606276998313,-43.54034505664833,-6.863985942967638,0.004241483678268775,5.049047959816559,947504,533815,-0.05197010753075905
317.488,0.10000000000002274,2.0186176861682377,2.011826032290963,-0.16544902147673857,1.5662717902557384,-0.4262903647883194,-43.7414547908127,-6.864838951737904,6.201131719634776,4.966994372271749,947504,533815,-0.051723812200549925
317.588,0.0999999999999659,1.9273250994036344,1.9239140555884093,-0.11461564247775391,1.6036360959273168,-0.615366352289556,-43.942637394041846,-6.848294049590226,6.223681434547204,4.907490499639366,947504,533815,-0.051432656951558436
317.688,0.10000000000002274,1.8762608828746639,1.871708214148699,0.13062642035170735,1.65273699607776,-0.7964537638081052,-44.13502879960062,-6.8368324853424545,0.0696769715675842,4.97716747120695,947505,533815,-0.05109309345110148
317.788,0.0999999999999659,1.9992919372414786,1.9952509515894992,-0.1270507398639713,1.6926895041856393,-0.9923503681662471,-44.32219962101553,-6.8498951273776285,6.219594590168749,4.913576754196113,947505,533815,-0.05074738243410885
317.888,0.10000000000002274,1.9426007038582729,1.9420950448602352,0.0443207779712691,1.7358417103873103,-1.1817569732418152,-44.52172471617441,-6.837190053391236,0.022817156325596315,4.9363939105217085,947505,533815,-0.050420106592959694
317.988,0.10099999999999909,1.7348001448970503,1.7263238092917,0.17128236397078767,1.7914404027817268,-1.347916585276354,-44.71593422066048,-6.841622131188364,0.09889431706169075,5.0352882275834,947505,533815,-0.05009284192325682
318.089,0.10000000000002274,1.8672396114099918,1.8666335393758349,0.0475709585333427,1.855183161187065,-1.5234235606792703,-44.89029292539894,-6.858921649949414,0.02547937918647782,5.060767606769877,947506,533815,-0.049761244998847536
318.189,0.09899999999998954,1.9457880822454015,1.9456621761262372,0.022134981363272743,1.9229985876114313,-1.703724831856196,-45.076956279336564,-6.8636787458027495,0.011376089208818834,5.0721436959786965,947506,533815,-0.04947398035200305
318.288,0.0999999999999659,1.7249531552612187,1.7114636248207766,0.21530361994393266,2.003401808086016,-1.856335303370281,-45.26957683477304,-6.865870108957713,0.1251434695959415,5.197287165574638,947506,533815,-0.04928121461789044
318.388,0.10000000000002274,2.088019301952844,2.083620789872762,-0.13545851519062724,2.088538864377596,-2.046991873409975,-45.44072319725506,-6.887400470952099,6.21826554715277,5.1323674055478214,947506,533816,-0.049091842183560074
318.488,0.10099999999999909,1.7571804872898948,1.750051229847255,0.15812639824666364,2.175192022751056,-2.2018746908213145,-45.64908527624238,-6.873854619433033,0.09011060499251129,5.222478010540333,947506,533816,-0.04892418248900431
318.589,0.10000000000002274,1.9903975238731622,1.9781723941543894,0.22026411883442565,2.2909997408016407,-2.363755497189267,-45.82584045045695,-6.889825385655946,0.1108905055880858,5.333368516128418,947507,533816,-0.04875019443621142
318.689,0.09899999999998954,1.6347264798123267,1.6278758757934217,0.14950182878280116,2.3968051609981975,-2.486216617112794,-46.02365768987244,-6.911851797539394,0.0915816921581683,5.424950208286587,947507,533816,-0.04859788857017123
318.788,0.10099999999999909,1.9284890714276957,1.912273226088408,0.24956203116958364,2.54214774884324,-2.6158845246091667,-46.18481740157597,-6.92665247858889,0.1297719977245028,5.55472220601109,947507,533816,-0.048418713262209374
318.889,0.10099999999999909,1.931811256016498,1.9252686688395304,0.15885616656869928,2.697928811743206,-2.7333635379306096,-46.3779569974109,-6.951858243737018,0.08232468127747954,5.6370468872885695,947507,533816,-0.04819677109550068
318.99,0.09800000000001319,1.8734323717207229,1.8464929627277287,0.3165637218761931,2.8610863504466892,-2.8175493178057343,-46.57240913296369,-6.967902716560456,0.16978988569781236,5.806836772986382,947507,533816,-0.047940513354109274
319.088,0.10099999999999909,1.995728188696973,1.9614683029580375,0.36820252531808795,3.0541925704577664,-2.8753408998593932,-46.75336544331103,-6.998925961304327,0.18555834998908838,5.992395122975471,947508,533816,-0.04765786025824811
319.189,0.09899999999998954,2.0824848666686444,2.0666780927629755,0.2560954525123631,3.2574731299755904,-2.909712900388745,-46.951473741909794,-7.036114416361453,0.12328799169868113,6.115683114674152,947508,533816,-0.04738250495937923
319.288,0.10099999999999909,1.9281653478569105,1.8052784374588988,0.6773413998288584,3.4486599320001408,-2.872657469454398,-47.15607487309331,-7.061467866160174,0.35894645283582777,0.1914442603303934,947508,533816,-0.04711420750527049
319.389,0.0999999999999659,1.9806001209647797,1.89715183529487,0.5688512573625959,3.6240851752193537,-2.7807131796202254,-47.338407995276654,-7.1298793475428885,0.29131447307474084,0.48275873340513425,947508,533816,-0.04686477611959142
319.489,0.09900000000004638,1.983862475634151,1.8340278172774833,0.7563413830286247,3.750143720249991,-2.630103949846735,-47.52812317880608,-7.186764473279129,0.39114467050486984,0.8739034039100041,947508,533816,-0.04661489202517365
319.588,0.0999999999999659,1.9996998625634639,1.9055810582247552,0.6062675736598142,3.8259601535715797,-2.445063781662286,-47.70969193271663,-7.2616422701989976,0.30802720440307574,1.1819306083130798,947509,533816,-0.04641749037940014
319.688,0.10000000000002274,2.198105085018915,2.1153217624004674,0.597561550219718,3.850865521888057,-2.226668767348995,-47.90025003853904,-7.322269027564959,0.2753180684241844,1.4572486767372643,947509,533816,-0.04631849645167525
319.788,0.0999999999999659,2.162901296466219,2.099797322730909,0.5186455646270949,3.8231264569028474,-2.012164770984669,-48.11178221477914,-7.382025182586944,0.2421511834262655,1.6993998601635298,947509,533816,-0.04620863526237182
319.888,0.10099999999999909,2.180617473311149,1.964130154491415,0.947251445566293,3.702802390981627,-1.8276957534916742,-48.32176194705216,-7.433889739049636,0.44936756333396755,2.1487674234974974,947509,533816,-0.04600790027437527
319.989,0.09900000000004638,2.2035921857521403,2.1663430983171006,0.4034552038104844,3.5521786392044468,-1.6698845918902543,-48.52013909265579,-7.529562135051831,0.18412844205354395,2.3328958655510412,947509,533817,-0.045755041603857044
320.088,0.0999999999999659,2.196237668611534,2.1056081999511713,0.6243989152189615,3.361630390762593,-1.560678529851598,-48.73460705938928,-7.569504200229088,0.2882802792678913,2.6211761448189326,947510,533817,-0.045565311572118225
320.188,0.10099999999999909,2.2995571617838455,2.191132322988342,0.6977838372068301,3.1345803565586854,-1.5117827840006572,-48.94516787938433,-7.631944091750962,0.30830364386763404,2.9294797886865664,947510,533817,-0.045354689100977355
320.289,0.09899999999998954,2.0290372939947203,1.9408594881231664,0.5916559708003444,2.9344102378245456,-1.5285924685432712,-49.16647224400615,-7.702420259308852,0.2958932827095997,3.225373071396166,947510,533817,-0.04518071621148956
320.388,0.10099999999999909,2.2030362659446476,2.158403242779763,0.4412076955642768,2.7209052017147495,-1.5912408090881702,-49.35861733333032,-7.76099420041808,0.2016361011135986,3.4270091725097647,947510,533817,-0.04514766369307552
320.489,0.09900000000004638,2.147307012975385,2.083994760506019,0.5175840474326179,2.5373635433521877,-1.6984982525180272,-49.57661606085107,-7.805556177670071,0.24343594413318642,3.6704451166429513,947510,533817,-0.045201017703966465
320.588,0.0999999999999659,2.135438294587235,2.0930160178378796,0.4235335394791123,2.3780244249879625,-1.8406672099552144,-49.78293154214126,-7.856796998365924,0.19965954296839142,3.870104659611343,947511,533817,-0.04515993554160008
320.688,0.10000000000002274,2.2247797548673294,2.074902756116818,0.8027599331844905,2.2766468138311216,-2.038705159684124,-49.99223314392498,-7.899150352313821,0.3691541549252347,4.239258814536577,947511,533817,-0.04510587586250744
320.788,0.0999999999999659,2.181286551418795,2.116990800779335,0.525700455407992,2.226975906128174,-2.2511031613742007,-50.19972341953671,-7.979426345632288,0.24340100046191673,4.482659814998494,947511,533818,-0.04521074219990809
320.888,0.10000000000002274,2.156980224502953,2.1363331197599713,0.2977322460087866,2.207319675682193,-2.4659036955766176,-50.411422499614574,-8.03199639117307,0.13847409535674338,4.621133910355238,947511,533818,-0.04531985125630316
320.988,0.10000000000002274,2.0492253913750433,2.000306050409228,0.4450847215446003,2.233414471834879,-2.669157991128596,-50.62505581159062,-8.061769615773956,0.21894155550194355,4.840075465857181,947511,533818,-0.04542416540811999
321.088,0.0999999999999659,2.1937394158916774,2.193730841017693,0.006133677898571721,2.2619577720188344,-2.8866670857957923,-50.825086416631585,-8.106278087928427,0.0027959956619783084,4.8428714615191595,947512,533818,-0.04557248286367339
321.188,0.10000000000002274,2.0013860453572456,1.9340097913907974,0.5149293440417232,2.338176869083559,-3.0717241317793578,-51.04445950073328,-8.106891455718284,0.26021297889926503,5.103084440418424,947512,533818,-0.04572397467223006
321.288,0.10099999999999909,2.085583891950057,2.0743973826750213,0.21572127644849526,2.4381124774468597,-3.25715270988671,-51.2378604798724,-8.158384390122468,0.1036198049502682,5.206704245368693,947512,533818,-0.04596543752186224
321.389,0.0999999999999659,2.0245907513802486,2.0055420769611074,0.2770716299316258,2.5576516516473875,-3.4205542488548977,-51.44737461552258,-8.180172239043765,0.13728397718349536,5.343988222552188,947512,533818,-0.04625428474311131
321.489,0.09900000000004638,2.1135947455702713,2.0789829152783854,0.3809367224131129,2.7096121858324214,-3.5644008138757934,-51.64792882321862,-8.207879402036918,0.1812219787467992,5.525210201298987,947512,533818,-0.046411055044653884
321.588,0.0999999999999659,2.0741994373005457,2.0318815180376273,0.41684625745591974,2.8858296117098114,-3.6738103741257833,-51.853748131831274,-8.245592137555834,0.20234526533913305,5.72755546663812,947512,533819,-0.046415785709165755
321.688,0.10099999999999909,2.0234469664699657,1.9586171094739135,0.5080911774401895,3.0809602318899203,-3.734558865400381,-52.05693628363497,-8.287276763301412,0.2538183577521406,5.9813738243902606,947513,533819,-0.046420243380205395
321.789,0.10000000000002274,2.1584379225962187,2.1360131359818157,0.3103258748712534,3.2941311248364102,-3.7684220173126297,-52.25475661169183,-8.33859397222287,0.1442733438830455,6.125647168273306,947513,533819,-0.04645206972860393
321.889,0.09899999999998954,2.171318727386364,2.1606230382190064,0.21525125462122038,3.5087272052611036,-3.78093449297384,-52.468357925290064,-8.369626559710003,0.09929697783733586,6.2249441461106425,947513,533819,-0.04653920543997977
321.988,0.10099999999999909,2.182056887843905,2.163870282594595,0.2811363759654992,3.728560352491398,-3.7653093266927358,-52.68225960607372,-8.390936433917501,0.12919921809719662,0.07095805702825331,947513,533819,-0.04663731796136975
322.089,0.09899999999998954,2.188158795627555,2.154462728380299,0.38253008627080676,3.9386304597438895,-3.7124120730430645,-52.90081050461578,-8.419331207890016,0.17572117017617048,0.24667922720442378,947513,533819,-0.046732402115714305
322.188,0.10000000000002274,2.115162837925268,2.1040028002540714,0.21699319681294332,4.137362989547766,-3.6399930154188973,-53.1141023147254,-8.457201686430821,0.1027701668499915,0.3494493940544153,947514,533819,-0.04679713718699656
322.288,0.10099999999999909,2.0238978521411224,1.9603216422641083,0.5032907457647098,4.305985068972972,-3.524444116008174,-53.324502594750854,-8.478901006112121,0.25131099519287137,0.6007603892472866,947514,533819,-0.046815810020434286
322.389,0.0999999999999659,1.9727656716353643,1.9447171691363832,0.3314808097750185,4.447668348616455,-3.3871710588510267,-53.52249508061953,-8.529733371434356,0.16882936789251377,0.7695897571398004,947514,533819,-0.04681336812841755
322.489,0.09900000000004638,1.67609715868094,1.6498847631999203,0.29526590304175404,4.544637159225244,-3.252519599196319,-53.7169667975331,-8.562881452411846,0.17708687778921509,0.9466766349290154,947514,533819,-0.04681117078658402
322.588,0.10099999999999909,1.6217746731338623,1.5883575168859103,0.32752631798142684,4.611542489037412,-3.1030074976189446,-53.88030538908996,-8.592112776812993,0.203354154534414,1.1500307894634294,947514,533820,-0.04681098051361229
322.689,0.0999999999999659,1.3416790331845567,1.304552456340074,0.3134414087897857,4.636217956462644,-2.9711282058851602,-54.040729498295434,-8.625192934929117,0.23579778889798791,1.3858285783614173,947514,533820,-0.04683831873220389
322.789,0.10000000000002274,1.1989978419840244,1.1885100701759568,0.15823918027053122,4.642522422950803,-2.85139428440453,-54.171184743929395,-8.656537075808085,0.1323623561629045,1.5181909345243219,947515,533820,-0.04688410354872805
322.889,0.09899999999998954,1.0462513659453567,1.0273156545590025,0.1981526347049997,4.628280174014911,-2.7487992367148717,-54.29003575094702,-8.672360993835142,0.19054387235654416,1.708734806880866,947515,533820,-0.04692911546524877
322.988,0.10000000000002274,0.8169162193104704,0.8020553504925586,0.155110683444989,4.601888057641991,-2.6714883235972113,-54.39174000074835,-8.691978104670934,0.19103322835454592,1.899768035235412,947515,533820,-0.046969445239954506
323.088,0.10099999999999909,0.7235911848234612,0.7130923346820478,0.12281500304086101,4.566880666682798,-2.607335653890286,-54.47194553579762,-8.707489173015436,0.17055550688144167,2.0703235421168538,947515,533820,-0.04710789796465322
323.189,0.0999999999999659,0.7037594551554631,0.7021871828581797,0.0470162838855608,4.529118025569073,-2.54794915169223,-54.54396786160051,-8.719893488322562,0.06685711710174093,2.1371806592185947,947515,533820,-0.04710789796465322
323.289,0.10000000000002274,0.7050893545597239,0.7019663356102605,0.06628922675179744,4.485857806622441,-2.4922709383963078,-54.6141865798863,-8.724595116711116,0.09415440841538864,2.2313350676339834,947515,533820,-0.04710789796465322
323.389,0.0999999999999659,0.7401740982296806,0.7382498998119097,0.053336489552895744,4.43635126887766,-2.4372465830850274,-54.68438321344734,-8.731224039386298,0.07212189219578886,2.3034569598297723,947515,533820,-0.04710789796465322
323.489,0.10000000000002274,0.8276452616025817,0.823545703505654,0.08227486426961325,4.375152129474807,-2.3815273572569047,-54.75820820342851,-8.736557688341586,0.09957282579023814,2.4030297856200105,947515,533820,-0.047141363256919984
323.589,0.10000000000002274,0.8461129416124313,0.8306688924651614,0.16092327692022607,4.3028956392491375,-2.3375038326375446,-54.84056277377909,-8.744785174768548,0.19135694732720035,2.594386732947211,947515,533820,-0.04716776768492819
323.689,0.09899999999998954,0.9284254161839138,0.9157381536753656,0.15296204535604938,4.217596230343851,-2.303266198407945,-54.92362966302563,-8.760877502460575,0.16550886469131876,2.75989559763853,947515,533820,-0.04718450435441503
323.788,0.0999999999999659,0.9753052019708376,0.9506195365457624,0.21804296303457332,4.12125351016684,-2.288091132055492,-55.01428774023948,-8.776020744950822,0.22546931862943098,2.9853649162679607,947515,533820,-0.04719821453280438
323.888,0.10000000000002274,1.0219934732137548,0.995412567872224,0.23156959863837645,4.0193214807765445,-2.295478146154298,-55.109349693894025,-8.797825041254272,0.22857126649506326,3.213936182763024,947515,533820,-0.04720717529662367
323.988,0.10099999999999909,1.0801013313917733,1.06564079668333,0.17614930745932397,3.9132592293569393,-2.3210022148081775,-55.20889095068127,-8.820982001118116,0.16381763409153824,3.3777538168545624,947516,533820,-0.047235949749713076
324.089,0.10000000000002274,1.0804831878028458,1.0771461375922353,0.08485350549463963,3.8105197510661846,-2.354454251992703,-55.316520671146286,-8.838773081171508,0.07861387444113342,3.456367691295696,947516,533820,-0.04728959497439491
324.189,0.09899999999998954,1.0656450186221154,1.0529689355957537,0.1638771685881654,3.716420684490917,-2.4021551373614805,-55.424235284905535,-8.847258431720974,0.15439481097352506,3.610762502269221,947516,533820,-0.04734506058043343
324.288,0.0999999999999659,1.0246267804515685,1.0082286909112477,0.1825786023660461,3.6347475552222055,-2.464026781493786,-55.5284792095295,-8.8634822714112,0.17914705901089664,3.7899095612801177,947516,533820,-0.04738404228832625
324.388,0.10000000000002274,1.0268479441105278,1.0181305386209305,0.1335174395031286,3.5616546349319003,-2.5361488447385385,-55.62930207862059,-8.881740131647799,0.13039570193576724,3.920305263215885,947516,533820,-0.04741316179251237
324.488,0.10000000000002274,0.9408606261289019,0.9228453080944613,0.18323551819368455,3.508834609119839,-2.614009181568107,-55.73111513248271,-8.895091875598116,0.19600571814790427,4.11631098136379,947516,533820,-0.04744716793869667
324.588,0.10099999999999909,0.9559685126226443,0.9088173237902074,0.296524651765677,3.4820873874912754,-2.7067832789317254,-55.82339966329217,-8.913415427417489,0.3153849383265134,4.431695919690303,947516,533820,-0.04748206639487315
324.689,0.09899999999998954,0.8392361688513537,0.8272531118863916,0.14131396244737846,3.472842414049519,-2.7893517037990327,-55.91519021299498,-8.94336441724582,0.16919005388268013,4.600885973572983,947516,533820,-0.047514702087458956
324.788,0.10099999999999909,0.8530357802724847,0.8337190322265868,0.1805065586848589,3.4815906242119157,-2.875063026981753,-55.997088271071725,-8.95735449952811,0.2132167624644632,4.814102736037446,947516,533821,-0.04754745147427282
324.889,0.09899999999998954,0.8575031376346396,0.8417756754390274,0.1634788772056523,3.5061531740230896,-2.9563247673195345,-56.08129389332661,-8.97558566195528,0.19181938313563282,5.005922119173079,947516,533821,-0.04758582749987818
324.988,0.10000000000002274,0.8413978160799765,0.8396730130035281,0.05384715533555079,3.5356023388905387,-3.035142592319052,-56.16462968519507,-8.991770070798639,0.06404102640449556,5.069963145577575,947516,533821,-0.04762074012960389
325.088,0.0999999999999659,0.887445233412732,0.8607281421760787,0.21611595862659977,3.585972703492933,-3.108207062432003,-56.248596986495436,-8.997154786332196,0.24599961472766751,5.315962760305243,947517,533821,-0.04764285470228914
325.188,0.10000000000002274,0.885045341402599,0.8651214869947942,0.1867352914645739,3.650450146937559,-3.168834711654392,-56.334669800713016,-9.01876638219485,0.21258715778275256,5.528549918087995,947517,533821,-0.04764802323550404
325.288,0.0999999999999659,0.9364585324647056,0.911640210104817,0.2141651473652871,3.7315358904151,-3.2156817823733603,-56.421181949412514,-9.03743991134131,0.23073887903749113,5.759288797125486,947517,533821,-0.047660984578636545
325.388,0.10000000000002274,0.9456968789127942,0.9232574839911482,0.20478819555759292,3.821723275827762,-3.244136331751027,-56.51234597042296,-9.058856426077833,0.21827655575110838,5.977565352876595,947517,533821,-0.0476826241010077
325.488,0.10000000000002274,0.9920787612384458,0.9775623946108554,0.16909178910609332,3.9200372590747605,-3.2574240472475853,-56.6046717188221,-9.079335245633597,0.17127811386292605,6.148843466739521,947517,533821,-0.04770736873934238
325.588,0.0999999999999659,0.9659699993519215,0.9244717750534173,0.28008923002774505,4.015402921866517,-3.2420496933827216,-56.7024279582832,-9.09624442454421,0.29418133060048923,0.1598394901604241,947517,533821,-0.04772446919317344
325.688,0.10000000000002274,0.9910060744655516,0.9849213432434188,0.10964938326867997,4.110894384684884,-3.2155485438776688,-56.794875135788516,-9.124253347546976,0.11087152011390589,0.27071101027433,947517,533821,-0.04773111648281306
325.788,0.10099999999999909,0.9572660363310788,0.9342792351706994,0.2085199631734746,4.196188078666807,-3.1700210091192935,-56.89336727011288,-9.135218285873846,0.2195891370379629,0.4903001473122929,947517,533821,-0.047733331372738996
325.889,0.0999999999999659,0.9525392500954979,0.935196682133758,0.1809369743819772,4.2701701870299775,-3.1100213601881643,-56.98772947286512,-9.156278802154366,0.19111351146739264,0.6814136587796855,947517,533821,-0.047735437260958496
325.989,0.10000000000002274,0.8832684125453077,0.8426355275503756,0.2648177794450518,4.318935609670394,-3.036376506731129,-57.081249141078466,-9.174372499592558,0.30449951089046656,0.9859131696701521,947517,533821,-0.04774433846741358
326.089,0.09899999999998954,0.8010573010275432,0.7904685018520343,0.1298165902700128,4.351425546290246,-2.9640326393571375,-57.16551269383352,-9.200854277537069,0.16277440639708318,1.1486875760672353,947517,533821,-0.04776072546421358
326.188,0.10000000000002274,0.7069072378330096,0.6980705885373484,0.111423948591922,4.369860058787506,-2.8957878800125725,-57.243769075516866,-9.213706119973798,0.15828182155007567,1.306969397617311,947518,533821,-0.04778439623325468
326.288,0.10099999999999909,0.5859317510704599,0.578311449521131,0.09419068035248354,4.3759078084707,-2.8369186060889566,-57.313576134370614,-9.224848514832994,0.16145420824225695,1.4684236058595679,947518,533821,-0.0478106683925105
326.389,0.0999999999999659,0.5081908029818634,0.5054662119937775,0.05255283786830795,4.375845600224519,-2.7860995638657324,-57.37198559077225,-9.234361773548594,0.10359683324417343,1.5720204391037413,947518,533821,-0.047824873950606056
326.489,0.09900000000004638,0.4019204889459398,0.39137284159219643,0.09147337480705983,4.366742313568383,-2.747364766969458,-57.42253221197161,-9.239617057335423,0.22960275694734814,1.8016231960510896,947518,533821,-0.047832014384735375
326.588,0.0999999999999659,0.299926171529823,0.2971405432829054,0.04078242153277094,4.3559741795377755,-2.719371832625527,-57.461278123289254,-9.248672921441326,0.13639740319257784,1.9380205992436674,947518,533821,-0.04782724767640255
326.688,0.10000000000002274,0.2291958369600476,0.2269992364448969,0.0316556208792453,4.344869807075755,-2.699321889258447,-57.490992177617535,-9.252751163594601,0.13855896848127164,2.0765795677249392,947518,533821,-0.04782252574326194
326.788,0.0999999999999659,0.13981568621384874,0.1395982482520492,-0.007794561976702509,4.338788237550238,-2.6867322596681587,-57.51369210126203,-9.255916725682527,6.227407551900532,2.0208018124458853,947518,533821,-0.04782016870051627
326.888,0.10000000000002274,0.06835010007086584,0.06698705872804689,0.013581978598958691,4.334651516197354,-2.6812912213255635,-57.52765192608723,-9.255137269484857,0.20004344040991515,2.2208452528558005,947518,533821,-0.047820150495023694
326.988,0.10000000000002274,0.004725625148366312,0.0023294250104992534,-0.00411160700497174,4.334837839687293,-2.680856941591376,-57.53435063196004,-9.256495467344752,5.2278485806058885,1.1655085262821032,947518,533821,-0.04782257496986659
327.088,0.0999999999999659,0.04096562679150934,-0.039465824815744496,-0.010983225848273999,4.334291114602262,-2.684916857534545,-57.53458357446109,-9.256084306644254,3.4130215902880043,4.578530116570107,947518,533821,-0.04782524207575071
327.188,0.10000000000002274,0.06183182207271938,-0.05933455609342869,-0.017394961167769014,4.333359055387235,-2.678804328775674,-57.53063699197951,-9.254985984059427,3.4267693363543805,1.7221141457449018,947518,533821,-0.047828138204118104
327.288,0.0999999999999659,0.053804258516951725,-0.05379163672228712,-0.0011653554378230693,4.334285119950867,-2.684104459601376,-57.52470353637017,-9.25324648794265,3.1632535147251937,4.885367660470095,947518,533821,-0.04782855273911486
327.388,0.10000000000002274,0.049106897627740585,-0.04867798856663801,-0.00647617354057565,4.332809334772442,-2.679420771732467,-57.519324372697945,-9.253129952398869,3.273857054071822,1.876039407362331,947518,533821,-0.047826161733586246
327.488,0.10099999999999909,0.02987893304100637,-0.029865878256366184,0.0008831509751202248,4.333630779642331,-2.682324592939256,-57.51445657384128,-9.25248233504481,3.1120307003801617,4.988070107742493,947518,533821,-0.04782125149110096
327.589,0.10000000000002274,0.012399688146692069,-0.012128693263147763,-0.002578190424249117,4.333052549891464,-2.6812277005030682,-57.51144012013739,-9.252571533293297,3.3510445555893984,2.055929356152305,947518,533821,-0.047819017596342175
327.689,0.09899999999998954,0.004037113186883325,0.003922929599544235,-0.0009533657434200923,4.3329549354379,-2.6808401300075473,-57.51022725081107,-9.252313714250873,6.044783063060898,1.8175271120336163,947518,533821,-0.047819017596342175
327.788,0.10099999999999909,0.008948240267728284,0.008935499049420927,-0.0004773474906100113,4.332781268905372,-2.6799532003338125,-57.51061562084143,-9.252219331042275,6.229814569777527,1.7641563746315576,947518,533821,-0.04782101316302933
327.889,0.0999999999999659,0.006749828103143555,0.006740607891082084,-0.00035268212411243213,4.332686354092251,-2.6792849242138814,-57.51151810624542,-9.252171118945723,6.230910968704862,1.7118820361568332,947518,533821,-0.04782302908267654
327.989,0.09900000000004638,0.0023500792901094527,-0.001755866377188737,-0.001561987815336422,4.332863898156855,-2.6794352830518675,-57.51219216703453,-9.252135850733312,3.868622267185186,5.580504303342019,947518,533821,-0.04782302908267654
328.088,0.0999999999999659,0.005770933811304545,-0.005742897033869661,-0.0005681643361115233,4.3323889321014715,-2.679107496510384,-57.51201833626318,-9.251981213939594,3.2402051564914505,2.5375241526538836,947518,533821,-0.04782338673802678
328.188,0.10000000000002274,0.002550897569692856,-0.00195207330018437,0.0016420987308235224,4.332456323394488,-2.679353523333589,-57.511444046559795,-9.251924397505983,2.4422252786978693,4.9797494313517525,947518,533821,-0.04782099535538462
328.288,0.0999999999999659,0.002235556439971649,0.0022355456292376423,-6.952402116431418e-06,4.332514712972696,-2.679569319031228,-57.51124883922978,-9.252088607379065,6.280075381973054,4.97663950614522,947518,533821,-0.04782086198061871
328.388,0.10000000000002274,0.004615632352853547,0.004087842045822259,-0.0021432707307095073,4.3324145941719685,-2.680019892938493,-57.5114723937927,-9.252087912138853,5.800284308058619,4.493738507024254,947518,533821,-0.04782075687133888
328.488,0.10000000000002274,0.0011840456526403267,-0.0005469550756305708,-0.0010501448722811599,4.332323944102793,-2.6799437207254893,-57.51188117799728,-9.251873585065782,4.232210489165016,2.442763689009684,947518,533821,-0.04782075687133888
328.588,0.10099999999999909,0.003784396984452344,-0.0037038631089578227,-0.0007765684812257627,4.332660803977904,-2.680124332695377,-57.51182648248972,-9.251768570578554,3.348263464283533,5.791027153293218,947518,533821,-0.04782313047270085
328.689,0.09899999999998954,0.0016829810440376145,-0.0013511565320186785,0.001003394847790837,4.332589854487583,-2.679973578693257,-57.51145239231571,-9.25169013716195,2.5028319849143585,2.01067383102799,947518,533821,-0.04782075687133888
328.788,0.0999999999999659,0.0023404808827017292,0.0014399663123583983,0.001845087472605356,4.33236159237726,-2.679921859097226,-57.511318627819044,-9.25178947325188,0.90810116049594,2.91877499152393,947518,533821,-0.04782086436975386
328.888,0.10099999999999909,0.0012147375871345001,0.0010623470572231394,0.0005890722668796105,4.332243800446337,-2.679956174227036,-57.51146262445028,-9.251973981999141,0.5062921321674644,3.4250671236913943,947518,533821,-0.047818262854901934
328.989,0.10099999999999909,0.0004390321412660135,0.00014367494841828585,-0.00041485748186771774,4.332218149113676,-2.6799200045721188,-57.51156992150306,-9.252033478298095,5.045784888922395,2.1876667054342036,947518,533821,-0.04781826497058968
329.09,0.09800000000001319,0.0022360181077255687,-0.00222968436887191,-0.0001681802404710647,4.332357997348756,-2.6800887064667216,-57.51158443267285,-9.251991577692428,3.2168779187946828,5.404544624228887,947518,533821,-0.047820638527697024
329.188,0.10000000000002274,0.0014416634435573032,-0.0012941642301773284,-0.0006352420246008797,4.332226498506502,-2.680029613410184,-57.5113659236047,-9.251975096028861,3.5978944467788905,2.719253763828192,947518,533821,-0.04782074102338735
329.288,0.0999999999999659,0.000848738729344644,0.0003557034766777736,0.000770605260408275,4.332162466907447,-2.6800853227328276,-57.511236507181685,-9.251911571826401,1.1383462840593692,3.857600047887561,947518,533821,-0.04782086436975386
329.388,0.10000000000002274,0.0012090275813127992,0.001184636661775029,0.00024162713414182705,4.332088953948017,-2.6801813087824367,-57.511272077529355,-9.251988632352441,0.20120733887217804,4.05880738675974,947518,533821,-0.047820866765064675
329.488,0.10099999999999909,0.0020861245166373197,-0.0015958621848936282,0.0013435547572547332,4.332294691071088,-2.6801358541215667,-57.51139054119553,-9.252012795065855,2.4418204859302852,0.2174425655104386,947518,533821,-0.047820743271936625
329.589,0.09899999999998954,0.0006691720724286292,-0.0005434505377752307,-0.0003904520143503412,4.332250495477981,-2.6801852054307065,-57.51122935911486,-9.252148494096339,3.764606251310636,3.9820488168210746,947518,533821,-0.04782085123884328
329.688,0.10000000000002274,0.0008770459165803516,-0.00028039933620365636,-0.0008310148927948391,4.332207295316905,-2.6801088782305684,-57.51117555751162,-9.252109839346918,4.386966792451058,2.085830302092546,947518,533821,-0.04781873321096047
329.788,0.0999999999999659,0.0006403037819402016,0.0006342817327219756,-8.76105969739582e-05,4.332183677395585,-2.680049362828157,-57.511147517578,-9.252026737857639,6.145928124317623,1.9485731192305842,947518,533821,-0.04782124247333683
329.888,0.10000000000002274,0.0006263742136143674,-0.000353146352328861,0.0005173319140724232,4.332148618045764,-2.680101269364788,-57.51121094575127,-9.25201797679794,2.1697692893232023,4.1183424085537865,947518,533821,-0.047820982632524545
329.988,0.10000000000002274,0.0004264072781642108,-0.0004143625616725004,-0.00010063217356101356,4.332163471489914,-2.6800612992901622,-57.51117563111604,-9.252069709989348,3.379840296274145,1.2149973976483448,947518,533821,-0.04781847529427243
330.088,0.0999999999999659,0.00025802505930998704,0.00010374843506447012,-0.0002362481607411913,4.332189230614496,-2.6800598036922603,-57.51113419485987,-9.252059646771992,5.126183696658265,0.057995787127023135,947518,533821,-0.04782107790777258
330.188,0.10000000000002274,0.0007357749712358757,-0.00045662280064952547,-0.0005769405742571217,4.33214698924257,-2.6801200474851425,-57.511144569703376,-9.252036021955917,4.042879847444364,4.100875634571387,947518,533821,-0.047818854352140124
330.288,0.0999999999999659,0.0015424867253801037,0.0008467763055411796,-0.0012892770014034478,4.331992811764489,-2.6801153615239484,-57.51109890742331,-9.251978327898492,5.293518387099004,3.111208714490804,947518,533821,-0.04781883684179444
330.388,0.10000000000002274,0.0005007795662483212,0.00045715271241954236,-0.00020442986939122162,4.331947738636325,-2.6800935391762915,-57.511183585053864,-9.251849400198351,5.862678386160855,2.6907017934720727,947518,533821,-0.04781885150002632
330.488,0.10000000000002274,0.0005213954001719077,0.0004694614326293134,0.00022684604160984692,4.331895599111741,-2.6800934990590646,-57.511229300325105,-9.251828957211412,0.45012143962080137,3.140823233092874,947518,533821,-0.047818609130741256
330.588,0.0999999999999659,0.0005091894958132208,-0.00031737990645694034,0.0003981757622255602,4.331927306456536,-2.680133341043359,-57.51127624646837,-9.251851641815573,2.243757268628783,5.384580501721658,947518,533821,-0.047818750851252874
330.688,0.10000000000002274,0.00045263623499125277,0.0003203657176722031,0.00031975829647943596,4.331972275473936,-2.6801384969221744,-57.51124450847772,-9.251891459391796,0.7844492519411922,6.16902975366285,947518,533821,-0.047816359787707464
330.788,0.0999999999999659,0.0008060933515103036,-0.0007128510885886837,0.00037633737104763123,4.331905741111904,-2.6800929882023223,-57.51127654504949,-9.251923435221444,2.6558494293824437,2.5416938758657075,947518,533821,-0.047816359787707464
330.888,0.10000000000002274,0.001037018115513385,0.00013182373864320158,-0.001028605402393484,4.3319529313122365,-2.6800006456297374,-57.51120525994063,-9.251961068958549,4.839851911561324,1.098360480247445,947518,533821,-0.047816359787707464
330.988,0.10000000000002274,0.0004707777785862718,0.00040827763826738596,0.00023439515119010095,4.331950638249381,-2.6799536237302557,-57.511218442314494,-9.251858208418309,0.5211630939134331,1.619523574160878,947518,533821,-0.04781873321096047
331.088,0.0999999999999659,0.0008791022508498401,0.00030820218763644115,-0.000823305641293297,4.332031369902079,-2.679918829938754,-57.51125927007832,-9.251881647933427,5.070587237830218,0.40692550481151013,947518,533821,-0.04781873321096047
331.188,0.10000000000002274,0.000740161672242186,0.0006330770284816347,0.00038347461071785787,4.332074330569177,-2.6798585574401073,-57.51129009029708,-9.251799317369297,0.5446230832823283,0.9515485880938385,947518,533821,-0.04781873321096047
331.288,0.0999999999999659,0.0004546697182555415,9.09989874039714e-05,-0.0004454702425415477,4.332115887681559,-2.6798770033593686,-57.511353397999926,-9.251837664830369,4.913892910440943,5.865441498534781,947518,533821,-0.04781873321096047
331.388,0.10000000000002274,0.00047416504028805476,-0.0002167973232102314,-0.00042170061190405103,4.332078963898227,-2.6799067516211457,-57.511362497898666,-9.251793117806114,4.23752315608124,3.819779347436434,947518,533821,-0.04781873321096047
331.488,0.10099999999999909,0.0004450649842624819,-0.00011988191817744143,0.0004286154055918435,4.332115552061331,-2.6799328657815527,-57.511340818166346,-9.251750947744924,1.8435229001402187,5.663302247576652,947518,533821,-0.04782107790777258
331.589,0.10000000000002274,0.00044203731850946554,0.0003275480604981864,-0.00029683203839699497,4.332124968557835,-2.6799760548948006,-57.51132871009261,-9.251794237900889,5.546941944747504,4.92705888514457,947518,533821,-0.04782122781049539
331.689,0.09899999999998954,0.0005782418862747058,0.00015408307200770062,-0.0005573348059857733,4.332074308412928,-2.6800027128792747,-57.51136146489866,-9.251764554697049,4.982115854035117,3.6259894320001003,947518,533821,-0.04782107790777258
331.788,0.0999999999999659,0.0004267069268620153,-0.00038373631785043854,0.00018661521855039713,4.332116957586288,-2.6800013578789055,-57.511376719122794,-9.251709378551256,2.6889560391370613,0.03176016395757486,947518,533821,-0.04782107790777258
331.888,0.10000000000002274,0.0006633663348913315,0.00014783620014933904,-0.0006466833477000647,4.33213378728239,-2.6800655241494202,-57.51133834549101,-9.251728040073111,4.937133748196331,4.968893912153906,947518,533821,-0.04782107790777258
331.988,0.10000000000002274,0.0009758837422873545,-0.00044188275876287197,0.000870108444947459,4.332206740730232,-2.68000070682741,-57.51135312911103,-9.25166337173834,2.0407025382705704,0.7264111432448903,947518,533821,-0.04782107790777258
332.088,0.10099999999999909,0.00084441722590681,-0.0006414159162348836,-0.0005492049469994944,4.332195153833876,-2.6800852022088084,-57.51130894083515,-9.251750382582834,3.849697307933707,4.576108451178597,947518,533821,-0.047818735895327764
332.189,0.09899999999998954,0.0004566939178129778,-0.0003546415627473657,0.00028774762647061614,4.3322281466685055,-2.680054288443085,-57.51124415782761,-9.251694912883186,2.459953560419685,0.7528767044186964,947518,533821,-0.047818735895327764
332.288,0.0999999999999659,8.364041999367312e-05,6.074592282256726e-05,-5.7494806001522755e-05,4.332236510604585,-2.6800543305361266,-57.5112090483129,-9.251723399898207,5.525275961942288,6.278152666360985,947518,533821,-0.04782107790777258
332.388,0.10000000000002274,0.0001550441920659679,0.00012844216194717858,-8.684073081062536e-05,4.332249310954488,-2.680063079139289,-57.511215122905185,-9.251717650417607,5.688675073105099,5.683642432286497,947518,533821,-0.04782098772568015
332.488,0.10099999999999909,0.00042198446631049703,-0.0004212134393418339,-2.5497614107563335e-05,4.332212734960776,-2.6800411999749785,-57.51122796712138,-9.251708966344527,3.2020525917762535,2.602509716883164,947518,533821,-0.04782098772568015
332.589,0.09899999999998954,0.000759420004468433,-0.0003366575255481729,0.0006807205400739838,4.332206742030126,-2.6801161433214755,-57.511185424564005,-9.251706391085502,2.0300829157668003,4.632592632649964,947518,533821,-0.04782098772568015
332.688,0.10000000000002274,0.00026871349786863186,6.2588980674970705e-06,0.00026864059658170787,4.332233470716548,-2.680118908599309,-57.51115209546897,-9.251773782418969,1.5475021335881103,6.180094766238074,947518,533821,-0.04782098772568015
332.788,0.0999999999999659,0.001022971321212458,-0.0008368588661980823,-0.0005883345664575745,4.332144174693311,-2.680168817751518,-57.511152721358776,-9.251800646478626,3.7543474245117965,3.6512568835702837,947518,533821,-0.04782098772568015
332.888,0.10000000000002274,0.00034660010208631805,-0.00027185343516941603,0.00021500544307722583,4.332178394782694,-2.680174322457711,-57.511069035472154,-9.251741813021981,2.4724329569660486,6.123689840536333,947518,533821,-0.0478185938821695
332.988,0.10000000000002274,0.0006823374261257966,0.0006741676858600197,0.00010527247709692558,4.332246627805084,-2.680174635964425,-57.511041850128635,-9.25176331356629,0.15490085105324553,6.278590691589578,947518,533821,-0.04782098772568015
333.088,0.0999999999999659,0.000494284289682355,3.258358099148196e-05,0.0004932091536828587,4.33225011273864,-2.6801253305405006,-57.51110926689722,-9.251773840814,1.5048277600628737,1.5002331444728654,947518,533821,-0.04782098772568015
333.188,0.10000000000002274,0.0008065463089018147,0.0004894437062327764,0.0006410630287516706,4.332189616772607,-2.680071988178557,-57.51111252525532,-9.251823161729368,0.9187188567228066,2.418952001195672,947518,533821,-0.04782098772568015
333.288,0.0999999999999659,0.0009024390913037324,0.00034404545755210695,0.0008342835469136782,4.332108634420427,-2.6801118105563178,-57.51116146962595,-9.251887268032243,1.1796596058138806,3.598611607009553,947518,533821,-0.04782098772568015
333.388,0.10000000000002274,0.0006379148089091008,0.0003848291951537883,-0.0005087649692960611,4.332051650403772,-2.680083136964286,-57.511195874171705,-9.251970696386936,5.359972737431306,2.675399037261272,947518,533821,-0.04782098772568015
333.488,0.10000000000002274,0.0006094998935776802,-0.0006035238694888911,8.514140724911394e-05,4.332101735311362,-2.6801178702802,-57.51123435709122,-9.251919819890006,3.0014437070701994,5.676842744331472,947518,533821,-0.04782098772568015
333.588,0.0999999999999659,0.0008550015756822151,-0.0008405043244215988,-0.0001567806590356805,4.332023733503521,-2.6800828560699723,-57.51117400470427,-9.251928334030731,3.3260049777631915,2.719662414915078,947518,533821,-0.04782098772568015
333.688,0.10000000000002274,0.0009712971660572734,-0.0009710895949491937,2.0079426592945317e-05,4.332111503726233,-2.6801244561883975,-57.51108995427183,-9.251912655964828,3.1209183864599734,5.840580801375051,947518,533821,-0.047823361318003445
333.788,0.10099999999999909,0.00120472402824378,-0.0005026858559825159,-0.001094836478394397,4.332018264662409,-2.6802026341915464,-57.51099284531234,-9.251914663907488,4.281958288657005,3.83935378285247,947518,533821,-0.047823361318003445
333.889,0.0999999999999659,0.0002802958362522093,-5.9820851310747685e-05,0.00027383794764200006,4.33204044281931,-2.6802197744049248,-57.510942074040884,-9.25180408542317,1.7858710254121632,5.625224808264633,947518,533821,-0.04782098772568015
333.989,0.09900000000004638,0.0001271384071579727,-8.028022896574819e-05,-9.85863043828781e-05,4.332028185929321,-2.680222636872881,-57.510936091955756,-9.251831469217935,4.028980598229909,3.371020099314956,947518,533821,-0.04782096993768152
334.088,0.0999999999999659,0.0008850563182802428,-0.0005793798450671562,0.0006690617921072287,4.3320998215551,-2.6802746136367714,-57.51092814421309,-9.2518217091738,2.2844825584412196,5.655502657756175,947518,533821,-0.04782096993768152
334.188,0.10000000000002274,0.0003904559248652168,0.00024809770421806507,-0.000301501838176946,4.332102196030483,-2.6803135869630252,-57.51087020622858,-9.25188861535301,5.400922067043838,4.773239417620427,947518,533821,-0.047820835704620736
334.288,0.0999999999999659,0.0007200073585976406,-0.000304372187660357,-0.0006525091323603063,4.332035214909439,-2.680287174174684,-57.510895015999004,-9.251858465169192,4.27592804571986,2.7659821561607014,947518,533821,-0.04782098772568015
334.388,0.10000000000002274,0.0018915841128508237,-0.0009218551871830916,0.0016517486097627765,4.3320603807737035,-2.6804746510634883,-57.510864578780236,-9.251793214255956,2.079843666187204,4.845825822347905,947518,533821,-0.04782098772568015
334.488,0.10000000000002274,0.00038815083634353005,-0.00016630803152583483,0.00035071742244174837,4.332092928163715,-2.6804535021126643,-57.51077239326152,-9.251958389116933,2.0135866807752283,0.576227195943547,947518,533821,-0.04782098772568015
334.588,0.10099999999999909,0.001129959419716489,-0.0007563672455251137,0.0008394741688121064,4.331982673357037,-2.6804240301094615,-57.510755762458366,-9.251993460859177,2.304164310383588,2.880391506327135,947518,533821,-0.04782098772568015
