 Time, x,y,z,q_x,q_y_,q_z,q_w,x_dot,y_dot,z_dot 
3490.33,490371,4416170,1642.72,-0.00538573,-4.85E-05,0.00899911,0.999945,0.00108507,0,0
3490.33,490371,4416170,1642.73,-0.00545391,-4.91E-05,0.00899907,0.999945,0,0,0
3490.34,490371,4416170,1642.73,-0.00538573,-4.85E-05,0.00899911,0.999945,0,0,0
3490.34,490371,4416170,1642.73,-0.00538573,-4.85E-05,0.00899911,0.999945,0,0,0
3490.34,490371,4416170,1642.73,-0.0054539,-4.95E-05,0.0090673,0.999944,0,0,0
3490.44,490371,4416170,1642.73,-0.0054539,-4.95E-05,0.0090673,0.999944,0,0,0
3490.55,490371,4416170,1642.73,-0.0054539,-4.95E-05,0.0090673,0.999944,0,0,0
3490.64,490371,4416170,1642.73,-0.0054539,-4.95E-05,0.0090673,0.999944,0,0,0
3490.68,490371,4416170,1642.73,-0.0054539,-4.95E-05,0.0090673,0.999944,0,0,0
3490.75,490371,4416170,1642.73,-0.0054539,-4.95E-05,0.0090673,0.999944,0,0,0
3490.84,490371,4416170,1642.73,-0.0054539,-4.95E-05,0.0090673,0.999944,0,0,0
3490.95,490371,4416170,1642.73,-0.00538573,-4.88E-05,0.00906726,0.999944,0,0,0
3491.04,490371,4416170,1642.73,-0.00538573,-4.88E-05,0.00906726,0.999944,0,0,0
3491.14,490371,4416170,1642.73,-0.00538573,-4.88E-05,0.00906726,0.999944,0.00108507,0,0
3491.19,490371,4416170,1642.73,-0.00538573,-4.88E-05,0.00906726,0.999944,0.00108507,0,0
3491.24,490371,4416170,1642.73,-0.00538573,-4.88E-05,0.00906726,0.999944,0.00108507,0,0
3491.34,490371,4416170,1642.73,-0.00538573,-4.88E-05,0.00906726,0.999944,0,0,0
3491.44,490371,4416170,1642.73,-0.00531756,-4.82E-05,0.00906726,0.999945,0.00108507,0,0
3491.55,490371,4416170,1642.73,-0.00538573,-4.92E-05,0.00913541,0.999944,0.00108507,0,0
3491.64,490371,4416170,1642.73,-0.00531755,-0.000048581,0.00913546,0.999944,0.00108507,0,0
3491.7,490371,4416170,1642.73,-0.00524938,-4.80E-05,0.00913546,0.999944,0.00108507,0,0
3491.74,490371,4416170,1642.73,-0.00524938,-4.80E-05,0.00913546,0.999944,0.00108507,0,0
3491.84,490371,4416170,1642.73,-0.00524938,-4.80E-05,0.00913546,0.999944,0.00217014,0,0
3491.94,490371,4416170,1642.73,-0.00524938,-4.80E-05,0.00913546,0.999944,0.00217014,0,0
3492.03,490371,4416170,1642.73,-0.00524938,-4.83E-05,0.00920365,0.999944,0.00217014,0,0
3492.15,490371,4416170,1642.73,-0.00524938,-4.83E-05,0.00920365,0.999944,0.00108507,0,0
3492.21,490371,4416170,1642.73,-0.00524938,-4.83E-05,0.00920365,0.999944,0.00108507,0,0
3492.24,490371,4416170,1642.73,-0.00524938,-4.80E-05,0.00913546,0.999944,0.00108507,0,0
3492.33,490371,4416170,1642.73,-0.00524938,-4.80E-05,0.00913546,0.999944,0.00108507,0,0
3492.44,490371,4416170,1642.73,-0.00524938,-4.83E-05,0.00920365,0.999944,0.00108507,0,0
3492.54,490371,4416170,1642.73,-0.00524938,-4.83E-05,0.00920365,0.999944,0.00108507,0,0
3492.65,490371,4416170,1642.73,-0.00524938,-4.83E-05,0.00920365,0.999944,0,0,0
3492.69,490371,4416170,1642.73,-0.00524937,-0.000048674,0.0092718,0.999943,0,0,0
3492.74,490371,4416170,1642.73,-0.00531755,-4.93E-05,0.00927176,0.999943,0,0,0
3492.85,490371,4416170,1642.73,-0.00531755,-4.93E-05,0.00927176,0.999943,0,0,0
3492.94,490371,4416170,1642.73,-0.00531754,-4.97E-05,0.00933999,0.999942,0,0,0
3493.07,490371,4416170,1642.73,-0.00524937,-4.90E-05,0.00933995,0.999943,0,0,0
3493.14,490371,4416170,1642.73,-0.00524937,-4.90E-05,0.00933995,0.999943,0,0,0
3493.2,490371,4416170,1642.73,-0.00524937,-4.90E-05,0.00933995,0.999943,0,0,0
3493.27,490371,4416170,1642.73,-0.00531754,-5.00E-05,0.00940815,0.999942,0,0,0
3493.34,490371,4416170,1642.73,-0.00524937,-4.94E-05,0.00940815,0.999942,0.00108507,0,0
3493.55,490371,4416170,1642.73,-0.00524937,-4.90E-05,0.00933995,0.999943,0,0,0
3493.67,490371,4416170,1642.73,-0.00524937,-4.94E-05,0.00940815,0.999942,0,0,0
3493.75,490371,4416170,1642.73,-0.00524937,-4.94E-05,0.00940815,0.999942,0.00108507,0,0
3493.87,490371,4416170,1642.73,-0.00524937,-4.94E-05,0.00940815,0.999942,0.00108507,0,0
3493.95,490371,4416170,1642.73,-0.00524937,-4.90E-05,0.00933995,0.999943,0,0,0
3494.06,490371,4416170,1642.73,-0.0051812,-4.84E-05,0.00933995,0.999943,0.0173611,0,0
3494.15,490371,4416170,1642.73,-0.0051812,-4.84E-05,0.00933995,0.999943,0.0282118,0,0
3494.27,490371,4416170,1642.73,-0.0051812,-4.84E-05,0.00933995,0.999943,0.0401476,0,0
3494.35,490371,4416170,1642.73,-0.00511302,-4.78E-05,0.00933995,0.999943,0.0499132,0,0
3494.47,490371,4416170,1642.73,-0.00504485,-4.71E-05,0.00933999,0.999944,0.0509983,0,0
3494.54,490371,4416170,1642.73,-0.00504485,-4.71E-05,0.00933999,0.999944,0.0499132,0,0
3494.66,490371,4416170,1642.73,-0.00497668,-4.65E-05,0.00933999,0.999944,0.0401476,0,0
3494.86,490371,4416170,1642.73,-0.0049085,-0.000045848,0.00933999,0.999944,0.0271267,0,0
3494.94,490371,4416170,1642.73,-0.0049085,-0.000045848,0.00933999,0.999944,0.0249566,0,0
3495.07,490371,4416170,1642.73,-0.00484033,-4.52E-05,0.00933999,0.999945,0.0249566,0,0
3495.14,490371,4416170,1642.73,-0.00484033,-4.52E-05,0.00933999,0.999945,0.0260417,0,0
3495.34,490371,4416170,1642.73,-0.00484033,-4.52E-05,0.00933999,0.999945,0.0325521,0,0
3495.46,490371,4416170,1642.73,-0.00484033,-4.52E-05,0.00933999,0.999945,0.0347222,0,0
3495.55,490371,4416170,1642.73,-0.00484033,-4.52E-05,0.00933999,0.999945,0.0336372,0,0
3495.66,490371,4416170,1642.73,-0.00477216,-4.46E-05,0.00933999,0.999945,0.0336372,0,0
3495.74,490371,4416170,1642.73,-0.00470398,-4.43E-05,0.00940819,0.999945,0.0347222,0,0
3495.85,490371,4416170,1642.73,-0.00470398,-4.43E-05,0.00940819,0.999945,0.031467,0,0
3495.94,490371,4416170,1642.73,-0.00470398,-0.000044579,0.00947634,0.999944,0.0325521,0,0
3496.06,490371,4416170,1642.73,-0.00463581,-0.000043617,0.00940819,0.999945,0.0325521,0,0
3496.14,490371,4416170,1642.73,-0.00463581,-4.39E-05,0.00947638,0.999944,0.0368924,0,0
3496.36,490371,4416170,1642.73,-0.00456763,-0.000043598,0.00954449,0.999944,0.0390625,0,0
3496.47,490371,4416170,1642.73,-0.00449946,-4.29E-05,0.00954453,0.999944,0.0412326,0,0
3496.54,490371,4416170,1642.73,-0.00449946,-4.29E-05,0.00954453,0.999944,0.0412326,0,0
3496.66,490371,4416170,1642.73,-0.00449946,-4.29E-05,0.00954453,0.999944,0.0379774,0,0
3496.74,490371,4416170,1642.73,-0.00443128,-4.23E-05,0.00954453,0.999945,0.0379774,0,0
3496.86,490371,4416170,1642.73,-0.00443128,-4.23E-05,0.00954453,0.999945,0.0368924,0,0
3496.94,490371,4416170,1642.73,-0.00443128,-4.23E-05,0.00954453,0.999945,0.0368924,0,0
3497.06,490371,4416170,1642.73,-0.00436311,-4.19E-05,0.00961268,0.999944,0.0423177,0,0
3497.14,490371,4416170,1642.73,-0.00436311,-4.19E-05,0.00961268,0.999944,0.0564236,0,0
3497.54,490371,4416170,1642.73,-0.00449945,-4.33E-05,0.00961268,0.999944,0.108507,0,0
3497.65,490371,4416170,1642.73,-0.00456763,-4.39E-05,0.00961268,0.999943,0.112847,0,0
3497.74,490371,4416170,1642.73,-0.00456763,-0.000043598,0.00954449,0.999944,0.111762,0,0
3498.05,490371,4416170,1642.73,-0.00443128,-4.26E-05,0.00961273,0.999944,0.0824653,0,0
3498.18,490371,4416170,1642.73,-0.00436311,-4.19E-05,0.00961268,0.999944,0.0748698,0,0
3498.54,490371,4416170,1642.73,-0.00429493,-4.13E-05,0.00961273,0.999945,0.0889757,0,0
3498.74,490371,4416170,1642.73,-0.00429493,-4.13E-05,0.00961273,0.999945,0.0987413,0,0
3498.94,490371,4416170,1642.73,-0.00422676,-4.09E-05,0.00968088,0.999944,0.0965712,0,0
3499.06,490371,4416170,1642.73,-0.00429493,-4.16E-05,0.00968088,0.999944,0.094401,0,0
3499.18,490371,4416170,1642.73,-0.0043631,-0.000042241,0.00968088,0.999944,0.0846354,0,0
3499.26,490371,4416170,1642.73,-0.00443128,-4.29E-05,0.00968088,0.999943,0.0846354,0,0
3499.54,490371,4416170,1642.74,-0.00470396,-4.62E-05,0.00981722,0.999941,0.094401,0,0
3499.74,490371,4416170,1642.74,-0.00497666,-4.89E-05,0.00981722,0.999939,0.115017,0,0
3500.06,490371,4416170,1642.75,-0.00524934,-5.23E-05,0.00995353,0.999937,0.164931,0,0
3500.46,490371,4416170,1642.75,-0.00470394,-4.81E-05,0.0102262,0.999937,0.198568,0,0
3500.54,490371,4416170,1642.75,-0.00443125,-4.59E-05,0.0103626,0.999936,0.194227,0,0
3500.68,490371,4416170,1642.75,-0.00415855,-4.37E-05,0.0104989,0.999936,0.183377,0,0
3500.75,490371,4416170,1642.75,-0.00409038,-4.32E-05,0.0105671,0.999936,0.183377,0,0
3501.06,490371,4416170,1642.75,-0.00381769,-0.000040084,0.0104989,0.999938,0.169271,0,0
3501.14,490371,4416170,1642.75,-0.003545,-3.70E-05,0.0104308,0.999939,0.164931,0,0
3501.55,490371,4416170,1642.75,-0.00197702,-2.09E-05,0.0105672,0.999942,0.197483,0,0
3501.65,490370,4416170,1642.75,-0.00149981,-1.57E-05,0.010499,0.999944,0.213759,0,0
3501.86,490370,4416170,1642.75,-0.000545385,-5.73E-06,0.0104991,0.999945,0.236545,0,0
3502.06,490370,4416170,1642.75,0.000204519,2.19E-06,0.0107036,0.999943,0.22895,0,0
3502.14,490370,4416170,1642.75,0.000272692,2.92E-06,0.0107036,0.999943,0.219184,0,0
3502.46,490370,4416170,1642.76,0.000613558,6.44E-06,0.010499,0.999945,0.215929,0,0
3502.54,490370,4416170,1642.76,0.000477211,5.14E-06,0.0107718,0.999942,0.214844,0,0
3502.66,490370,4416170,1642.76,0.000340864,3.72E-06,0.0109081,0.99994,0.225694,0,0
3502.74,490370,4416170,1642.76,0.000409038,4.43E-06,0.0108399,0.999941,0.23763,0,0
3502.86,490370,4416170,1642.76,0.000204519,2.20E-06,0.0107718,0.999942,0.245226,0,0
3502.94,490370,4416170,1642.76,0,0,0.0107036,0.999943,0.253906,0,0
3503.05,490370,4416170,1642.76,0.000136346,1.46E-06,0.0107036,0.999943,0.254991,0,0
3503.14,490370,4416170,1642.77,0.000272692,2.96E-06,0.0108399,0.999941,0.253906,0,0
3503.26,490370,4416170,1642.77,0.000613554,6.86E-06,0.0111808,0.999937,0.248481,0,0
3503.34,490370,4416170,1642.77,0.00122711,1.39E-05,0.0113171,0.999935,0.254991,0,0
3503.54,490370,4416170,1642.77,0.00184065,2.12E-05,0.0115216,0.999932,0.278863,0,0
3503.66,490370,4416170,1642.77,0.00177248,2.05E-05,0.0115898,0.999931,0.296224,0,0
3503.74,490370,4416170,1642.77,0.00170431,1.99E-05,0.011658,0.999931,0.31467,0,0
3503.86,490370,4416170,1642.77,0.00143162,1.68E-05,0.0117261,0.99993,0.311415,0,0
3504.06,490370,4416170,1642.77,0.00143162,1.69E-05,0.0117943,0.999929,0.291884,0,0
3504.19,490370,4416170,1642.77,0.00163613,1.97E-05,0.012067,0.999926,0.252821,0,0
3504.26,490370,4416170,1642.78,0.00177247,2.15E-05,0.0121352,0.999925,0.252821,0,0
3504.34,490370,4416170,1642.78,0.00211333,2.58E-05,0.0122033,0.999923,0.248481,0,0
3504.45,490370,4416170,1642.78,0.0026587,3.21E-05,0.012067,0.999924,0.265842,0,0
3504.55,490370,4416170,1642.78,0.00306774,3.66E-05,0.0119306,0.999924,0.299479,0,0
3504.66,490370,4416170,1642.78,0.00361311,4.31E-05,0.0119306,0.999922,0.343967,0,0
3504.68,490370,4416170,1642.78,0.00381763,4.56E-05,0.0119306,0.999922,0.38737,0,0
3504.86,490370,4416170,1642.79,0.00497654,5.97E-05,0.0119987,0.999916,0.423177,0,0
3505.06,490370,4416170,1642.79,0.00647631,7.68E-05,0.0118623,0.999909,0.461155,0,0
3505.15,490369,4416170,1642.79,0.00681716,0.000080874,0.0118622,0.999906,0.449219,0,0
3505.19,490369,4416170,1642.79,0.00661264,7.89E-05,0.0119304,0.999907,0.411241,0,0
3505.26,490369,4416170,1642.79,0.00593092,7.20E-05,0.012135,0.999909,0.411241,0,0
3505.34,490369,4416170,1642.79,0.00443115,5.47E-05,0.0123396,0.999914,0.376519,0,0
3505.44,490369,4416170,1642.79,0.00306773,3.72E-05,0.0121351,0.999922,0.347222,0,0
3505.54,490369,4416170,1642.79,0.00190882,2.25E-05,0.0117943,0.999929,0.335286,0,0
3505.68,490369,4416170,1642.8,-0.000136344,-1.61E-06,0.0117943,0.99993,0.317925,0,0
3505.74,490369,4416170,1642.8,-0.00109075,-1.31E-05,0.0119989,0.999927,0.317925,0,0
3505.86,490369,4416170,1642.8,-0.0021815,-2.66E-05,0.0122033,0.999923,0.309245,0,0
3505.94,490369,4416170,1642.81,-0.00279504,-3.45E-05,0.0123397,0.99992,0.31467,0,0
3506.06,490369,4416170,1642.81,-0.0033404,-4.17E-05,0.012476,0.999917,0.329861,0,0
3506.15,490369,4416170,1642.81,-0.00402211,-5.07E-05,0.0126123,0.999912,0.350477,0,0
3506.27,490369,4416170,1642.82,-0.00463564,-5.91E-05,0.0127486,0.999908,0.364583,0,0
3506.47,490369,4416170,1642.82,-0.00531731,-7.00E-05,0.0131576,0.999899,0.404731,0,0
3506.55,490369,4416170,1642.82,-0.00477195,-6.31E-05,0.0132258,0.999901,0.418837,0,0
3506.67,490369,4416170,1642.82,-0.00402207,-5.35E-05,0.013294,0.999904,0.430773,0,0
3506.69,490369,4416170,1642.82,-0.00374939,-0.000050105,0.0133622,0.999904,0.442708,0,0
3506.75,490369,4416170,1642.82,-0.00340853,-4.62E-05,0.0135667,0.999902,0.442708,0,0
3506.86,490369,4416170,1642.82,-0.00265864,-3.68E-05,0.0138394,0.999901,0.443793,0,0
3507.06,490369,4416170,1642.81,-0.0011589,-1.58E-05,0.013635,0.999906,0.460069,0,0
3507.14,490369,4416170,1642.81,-0.00109073,-1.51E-05,0.0138395,0.999904,0.474175,0,0
3507.27,490369,4416170,1642.81,-0.00149975,-2.09E-05,0.0139077,0.999902,0.46224,0,0
3507.34,490369,4416170,1642.81,-0.00218144,-3.06E-05,0.0140439,0.999899,0.453559,0,0
3507.47,490369,4416170,1642.81,-0.00306765,-4.31E-05,0.0140439,0.999897,0.455729,0,0
3507.55,490369,4416170,1642.81,-0.00395387,-5.50E-05,0.0139075,0.999895,0.478516,0,0
3507.71,490369,4416170,1642.81,-0.00470375,-6.41E-05,0.0136348,0.999896,0.480686,0,0
3507.78,490368,4416170,1642.81,-0.00558997,-7.55E-05,0.0134984,0.999893,0.440538,0,0
3507.88,490368,4416170,1642.81,-0.00613531,-8.37E-05,0.0136347,0.999888,0.443793,0,0
3507.94,490368,4416170,1642.81,-0.00647615,-8.88E-05,0.0137028,0.999885,0.445964,0,0
3508.06,490368,4416170,1642.81,-0.00674882,-9.34E-05,0.0138392,0.999881,0.451389,0,0
3508.14,490368,4416170,1642.82,-0.00763503,-0.000104113,0.0136345,0.999878,0.441623,0,0
3508.27,490368,4416170,1642.82,-0.00872575,-0.000117202,0.01343,0.999872,0.419922,0,0
3508.35,490368,4416170,1642.82,-0.00981649,-0.000127836,0.0130208,0.999867,0.430773,0,0
3508.46,490368,4416170,1642.82,-0.0109072,-0.00013609,0.0124753,0.999863,0.437283,0,0
3508.54,490368,4416170,1642.82,-0.0119979,-0.000147244,0.0122706,0.999853,0.432943,0,0
3508.66,490368,4416170,1642.82,-0.0128842,-0.000154606,0.0119979,0.999845,0.423177,0,0
3508.74,490368,4416170,1642.82,-0.0133614,-0.000155778,0.011657,0.999843,0.445964,0,0
3508.86,490368,4416170,1642.83,-0.0134977,-0.000156446,0.0115887,0.999842,0.448134,0,0
3508.94,490368,4416170,1642.83,-0.0135658,-0.000160011,0.0117932,0.999838,0.447049,0,0
3509.07,490368,4416170,1642.83,-0.0133613,-0.00015851,0.0118614,0.99984,0.438368,0,0
3509.15,490368,4416170,1642.83,-0.012816,-0.000154662,0.0120661,0.999845,0.437283,0,0
3509.27,490368,4416170,1642.83,-0.0126114,-0.000156493,0.0124069,0.999843,0.421007,0,0
3509.34,490368,4416170,1642.84,-0.0128159,-0.000164274,0.0128159,0.999836,0.418837,0,0
3509.46,490368,4416170,1642.84,-0.0127477,-0.0001634,0.0128159,0.999837,0.416667,0,0
3509.54,490368,4416170,1642.84,-0.0124069,-0.000156492,0.0126114,0.999843,0.407986,0,0
3509.66,490368,4416170,1642.84,-0.0123387,-0.000155633,0.0126114,0.999844,0.38737,0,0
3509.75,490368,4416170,1642.84,-0.0122024,-0.000157241,0.0128841,0.999843,0.402561,0,0
3509.87,490368,4416170,1642.85,-0.011657,-0.000151804,0.0130206,0.999847,0.426432,0,0
3510.06,490368,4416170,1642.86,-0.0102936,-0.00013826,0.0134297,0.999857,0.447049,0,0
3510.14,490367,4416170,1642.86,-0.00974824,-0.000132929,0.0136343,0.99986,0.440538,0,0
3510.26,490367,4416170,1642.86,-0.00927105,-0.000127687,0.0137707,0.999862,0.424262,0,0
3510.34,490367,4416170,1642.86,-0.00886203,-0.000123262,0.0139071,0.999864,0.444878,0,0
3510.46,490367,4416170,1642.87,-0.008453,-0.000118725,0.0140435,0.999866,0.450304,0,0
3510.55,490367,4416170,1642.87,-0.00790766,-0.000111066,0.0140435,0.99987,0.442708,0,0
3510.67,490367,4416170,1642.87,-0.0071578,-0.000101022,0.0141118,0.999875,0.422092,0,0
3510.74,490367,4416170,1642.87,-0.00661244,-9.47E-05,0.0143164,0.999876,0.426432,0,0
3510.86,490367,4416170,1642.87,-0.00627157,-9.15E-05,0.014589,0.999874,0.438368,0,0
3510.94,490367,4416170,1642.87,-0.00593072,-0.000086939,0.0146572,0.999875,0.460069,0,0
3511.06,490367,4416170,1642.87,-0.00565805,-0.000082942,0.0146573,0.999877,0.449219,0,0
3511.14,490367,4416170,1642.87,-0.00545354,-7.99E-05,0.0146573,0.999878,0.437283,0,0
3511.25,490367,4416170,1642.88,-0.00518086,-7.67E-05,0.0147937,0.999877,0.421007,0,0
3511.34,490367,4416170,1642.88,-0.00497635,-7.40E-05,0.0148618,0.999877,0.431858,0,0
3511.46,490367,4416170,1642.88,-0.00477183,-7.16E-05,0.0149982,0.999876,0.434028,0,0
3511.54,490367,4416170,1642.89,-0.00477182,-0.000071903,0.0150664,0.999875,0.423177,0,0
3511.66,490367,4416170,1642.89,-0.00477182,-7.22E-05,0.0151346,0.999874,0.407986,0,0
3511.74,490367,4416170,1642.89,-0.00497632,-0.000075663,0.0152027,0.999872,0.412326,0,0
3511.86,490367,4416170,1642.89,-0.00524898,-8.09E-05,0.0154072,0.999868,0.424262,0,0
3511.95,490367,4416170,1642.89,-0.00531712,-8.34E-05,0.0156798,0.999863,0.444878,0,0
3512.06,490367,4416170,1642.9,-0.00531709,-8.52E-05,0.0160207,0.999858,0.444878,0,0
3512.14,490367,4416170,1642.9,-0.00524887,-0.000087324,0.0166342,0.999848,0.453559,0,0
3512.26,490367,4416170,1642.9,-0.00504431,-8.74E-05,0.0173158,0.999837,0.450304,0,0
3512.35,490367,4416170,1642.91,-0.00477161,-8.52E-05,0.0178612,0.999829,0.483941,0,0
3512.46,490366,4416170,1642.91,-0.00463524,-8.47E-05,0.0182702,0.999822,0.496962,0,0
3512.54,490366,4416170,1642.91,-0.00490787,-9.10E-05,0.0185428,0.999816,0.479601,0,0
3512.67,490366,4416170,1642.91,-0.00531684,-9.97E-05,0.0187473,0.99981,0.46875,0,0
3512.74,490366,4416170,1642.91,-0.00579397,-0.000109432,0.0188836,0.999805,0.47092,0,0
3512.86,490366,4416170,1642.92,-0.00633926,-0.000120596,0.0190198,0.999799,0.483941,0,0
3512.94,490366,4416170,1642.92,-0.00688453,-0.000132847,0.0192924,0.99979,0.504557,0,0
3513.06,490366,4416170,1642.92,-0.00729347,-0.000142728,0.019565,0.999782,0.511068,0,0
3513.14,490366,4416170,1642.92,-0.00749792,-0.000148774,0.0198376,0.999775,0.538194,0,0
3513.26,490366,4416170,1642.92,-0.007566,-0.000153738,0.0203147,0.999765,0.572917,0,0
3513.34,490366,4416170,1642.92,-0.00777043,-0.000160541,0.0206555,0.999756,0.642361,0,0
3513.46,490366,4416170,1642.92,-0.00763405,-0.000160848,0.0210645,0.999749,0.691189,0,0
3513.55,490366,4416170,1642.92,-0.00722505,-0.000154202,0.0213372,0.999746,0.70855,0,0
3513.67,490366,4416170,1642.92,-0.00681602,-0.000148726,0.0218144,0.999739,0.70421,0,0
3513.75,490366,4416170,1642.92,-0.00633883,-0.000141772,0.0223597,0.99973,0.700955,0,0
3513.87,490366,4416170,1642.92,-0.00552083,-0.000127619,0.0231095,0.999718,0.682509,0,0
3514.06,490366,4416170,1642.92,-0.0042257,-0.000102871,0.0243366,0.999695,0.62283,0,0
3514.14,490366,4416170,1642.91,-0.0036804,-9.19E-05,0.02495,0.999682,0.604384,0,0
3514.26,490365,4416170,1642.91,-0.00306696,-7.80E-05,0.0254272,0.999672,0.567491,0,0
3514.35,490365,4416170,1642.91,-0.00272616,-7.06E-05,0.0259042,0.999661,0.566406,0,0
3514.46,490365,4416170,1642.91,-0.0021809,-5.74E-05,0.0263132,0.999651,0.568576,0,0
3514.55,490365,4416170,1642.92,-0.00136305,-3.65E-05,0.0267903,0.99964,0.582682,0,0
3514.66,490365,4416170,1642.92,-0.000954118,-2.62E-05,0.0274037,0.999624,0.585938,0,0
3514.74,490365,4416170,1642.92,-0.0008178,-2.30E-05,0.0280852,0.999605,0.615234,0,0
3514.86,490365,4416170,1642.92,-0.000340744,-9.78E-06,0.0286985,0.999588,0.62934,0,0
3514.95,490365,4416170,1642.92,0.000340739,9.97E-06,0.0292437,0.999572,0.647786,0,0
3515.06,490365,4416170,1642.92,0.00081776,0.000024371,0.0297889,0.999556,0.623915,0,0
3515.15,490365,4416170,1642.93,0.00170365,5.15E-05,0.0301978,0.999542,0.611979,0,0
3515.26,490365,4416170,1642.93,0.00306655,9.29E-05,0.0302658,0.999537,0.568576,0,0
3515.35,490365,4416170,1642.93,0.00490646,0.000148901,0.0303337,0.999528,0.569661,0,0
3515.47,490365,4416170,1642.93,0.00674632,0.000206119,0.0305378,0.999511,0.569661,0,0
3515.54,490365,4416170,1642.93,0.00804107,0.00024458,0.0304012,0.999505,0.569661,0,0
3515.66,490365,4416170,1642.93,0.00892709,0.000266047,0.0297877,0.999516,0.575087,0,0
3515.75,490365,4416170,1642.93,0.00940433,0.000272568,0.0289698,0.999536,0.608724,0,0
3515.87,490365,4416170,1642.94,0.0089957,0.000252132,0.0280159,0.999567,0.62717,0,0
3515.95,490364,4416170,1642.94,0.00810996,0.000220667,0.0271984,0.999597,0.668403,0,0
3516.05,490364,4416170,1642.94,0.00729225,0.000195432,0.0267896,0.999614,0.689019,0,0
3516.15,490364,4416170,1642.94,0.00627002,0.000166753,0.0265853,0.999627,0.71072,0,0
3516.26,490364,4416170,1642.94,0.0053159,0.000141377,0.0265855,0.999632,0.678168,0,0
3516.35,490364,4416170,1642.93,0.00463436,0.000123885,0.0267219,0.999632,0.672743,0,0
3516.46,490364,4416170,1642.94,0.0041573,0.000110848,0.0266538,0.999636,0.648872,0,0
3516.54,490364,4416170,1642.94,0.00395285,0.000105397,0.0266538,0.999637,0.641276,0,0
3516.66,490364,4416170,1642.94,0.0038847,0.000103315,0.0265857,0.999639,0.623915,0,0
3516.74,490364,4416170,1642.94,0.00395286,0.000104858,0.0265175,0.999641,0.619575,0,0
3516.86,490364,4416170,1642.94,0.00374841,9.92E-05,0.0264494,0.999643,0.600043,0,0
3516.94,490364,4416170,1642.94,0.00354395,9.40E-05,0.0265175,0.999642,0.616319,0,0
3517.06,490364,4416170,1642.94,0.00327134,8.66E-05,0.0264494,0.999645,0.63151,0,0
3517.15,490364,4416170,1642.94,0.00299875,7.87E-05,0.026245,0.999651,0.677083,0,0
3517.27,490364,4416170,1642.94,0.00245352,0.000064415,0.026245,0.999653,0.703125,0,0
3517.34,490364,4416170,1642.94,0.0019083,4.98E-05,0.0261088,0.999657,0.748698,0,0
3517.46,490363,4416170,1642.94,0.00170386,4.39E-05,0.025768,0.999666,0.766059,0,0
3517.55,490363,4416170,1642.94,0.00109047,0.000028183,0.0258362,0.999666,0.772569,0,0
3517.66,490363,4416170,1642.94,0.000477077,1.24E-05,0.0259725,0.999663,0.772569,0,0
3517.76,490363,4416170,1642.94,-6.82E-05,-1.78E-06,0.0261088,0.999659,0.764974,0,0
3517.87,490363,4416170,1642.94,-0.000272615,-7.12E-06,0.0261088,0.999659,0.730252,0,0
3517.94,490363,4416170,1642.94,-0.000408923,-1.07E-05,0.0260406,0.999661,0.732422,0,0
3518.06,490363,4416170,1642.94,-0.000272615,-7.12E-06,0.0261088,0.999659,0.729167,0,0
3518.15,490363,4416170,1642.95,0.00020446,5.37E-06,0.0262451,0.999656,0.738932,0,0
3518.26,490363,4416170,1642.95,0.000954145,2.52E-05,0.0263814,0.999651,0.726997,0,0
3518.34,490363,4416170,1642.94,0.00156751,4.17E-05,0.0265859,0.999645,0.741102,0,0
3518.46,490363,4416170,1642.94,0.00204457,5.49E-05,0.0268584,0.999637,0.742188,0,0
3518.55,490363,4416170,1642.94,0.00245348,6.61E-05,0.0269265,0.999634,0.744358,0,0
3518.66,490363,4416170,1642.94,0.00245347,6.63E-05,0.0269947,0.999633,0.755208,0,0
3518.74,490362,4416170,1642.94,0.00224902,6.07E-05,0.0269947,0.999633,0.775825,0,0
3518.86,490362,4416170,1642.94,0.00224903,6.01E-05,0.0267221,0.99964,0.77474,0,0
3518.95,490362,4416170,1642.94,0.00190828,0.000050621,0.0265177,0.999647,0.77474,0,0
3519.06,490362,4416170,1642.94,0.00149937,3.97E-05,0.0264495,0.999649,0.766059,0,0
3519.15,490362,4416170,1642.94,0.00136307,3.59E-05,0.0263132,0.999653,0.77691,0,0
3519.26,490362,4416170,1642.94,0.00122676,3.21E-05,0.0261769,0.999657,0.772569,0,0
3519.35,490362,4416170,1642.95,0.000817841,2.15E-05,0.0262451,0.999655,0.815972,0,0
3519.46,490362,4416170,1642.95,6.82E-05,1.78E-06,0.0261769,0.999657,0.843099,0,0
3519.54,490362,4416170,1642.95,-0.000545231,-1.42E-05,0.0259724,0.999663,0.876736,0,0
3519.66,490362,4416170,1642.95,-0.00129493,-3.33E-05,0.0256998,0.999669,0.906033,0,0
3519.74,490362,4416170,1642.95,-0.00224911,-5.74E-05,0.0254953,0.999672,0.9375,0,0
3519.86,490362,4416170,1642.95,-0.00306696,-7.82E-05,0.0254953,0.99967,0.927734,0,0
3519.94,490361,4416170,1642.95,-0.00402113,-0.000102005,0.0253589,0.99967,0.936415,0,0
3520.07,490361,4416170,1642.95,-0.00483899,-0.000122422,0.0252907,0.999668,0.923394,0,0
3520.14,490361,4416170,1642.96,-0.00538425,-0.000135482,0.0251543,0.999669,0.924479,0,0
3520.26,490361,4416170,1642.96,-0.00558873,-0.000139864,0.0250179,0.999671,0.881076,0,0
3520.34,490361,4416170,1642.96,-0.00565687,-0.000141955,0.0250861,0.999669,0.885417,0,0
3520.46,490361,4416170,1642.96,-0.00552053,-0.000140041,0.0253587,0.999663,0.879991,0,0
3520.54,490361,4416170,1642.96,-0.0052479,-0.000133483,0.0254269,0.999663,0.868056,0,0
3520.66,490361,4416170,1642.96,-0.00490711,-0.000125819,0.0256314,0.999659,0.869141,0,0
3520.74,490361,4416170,1642.96,-0.00477075,-0.000124276,0.0260403,0.99965,0.883247,0,0
3520.86,490361,4416170,1642.96,-0.00477071,-0.000125902,0.0263811,0.999641,0.896267,0,0
3520.95,490361,4416170,1642.96,-0.00463438,-0.000122937,0.0265174,0.999638,0.927734,0,0
3521.06,490360,4416170,1642.96,-0.00436177,-0.000115705,0.0265175,0.999639,0.968967,0,0
3521.16,490360,4416170,1642.96,-0.00429362,-0.000113897,0.0265174,0.999639,1.00694,0,0
3521.27,490360,4416170,1642.96,-0.00408914,-0.00010931,0.0267219,0.999635,1.00694,0,0
3521.35,490360,4416170,1642.96,-0.00408911,-0.000110704,0.0270627,0.999625,1.02648,0,0
3521.45,490360,4416170,1642.96,-0.00408908,-0.000111819,0.0273353,0.999618,1.04492,0,0
3521.54,490360,4416170,1642.96,-0.00422537,-0.000115834,0.0274035,0.999616,1.04926,0,0
3521.67,490360,4416170,1642.96,-0.00436168,-0.000119273,0.0273353,0.999617,1.04492,0,0
3521.74,490360,4416170,1642.96,-0.0040891,-0.000110982,0.0271309,0.999624,1.05252,0,0
3521.86,490360,4416170,1642.96,-0.00429354,-0.000117117,0.0272672,0.999619,1.03624,0,0
3521.95,490359,4416170,1642.96,-0.00463426,-0.000127676,0.0275397,0.99961,1.04167,0,0
3522.06,490359,4416170,1642.96,-0.00483869,-0.000133968,0.027676,0.999605,1.03516,0,0
3522.15,490359,4416170,1642.96,-0.00456611,-0.000125798,0.0275397,0.99961,1.05143,0,0
3522.26,490359,4416170,1642.95,-0.00415721,-0.000114249,0.0274716,0.999614,1.01671,0,0
3522.34,490359,4416170,1642.95,-0.00408903,-0.000113492,0.0277442,0.999607,1.02431,0,0
3522.48,490359,4416170,1642.95,-0.00374824,-0.000105567,0.0281531,0.999597,1.0102,0,0
3522.56,490359,4416170,1642.95,-0.00327114,-9.39E-05,0.0286984,0.999583,1.02756,0,0
3522.67,490359,4416170,1642.95,-0.00327109,-9.57E-05,0.0292436,0.999567,1.05469,0,0
3522.76,490359,4416170,1642.95,-0.00367992,-0.000109418,0.0297206,0.999551,1.10026,0,0
3522.86,490359,4416170,1642.95,-0.00374807,-0.000111444,0.0297205,0.999551,1.14366,0,0
3522.95,490358,4416170,1642.94,-0.00374807,-0.000111444,0.0297205,0.999551,1.18707,0,0
3523.06,490358,4416170,1642.94,-0.00395247,-0.000118601,0.0299931,0.999542,1.199,0,0
3523.14,490358,4416170,1642.94,-0.00422502,-0.000127933,0.0302657,0.999533,1.22504,0,0
3523.26,490358,4416170,1642.94,-0.003748,-0.000113489,0.0302657,0.999535,1.18707,0,0
3523.34,490358,4416170,1642.94,-0.00293028,-8.81E-05,0.0300614,0.999544,1.20443,0,0
3523.46,490358,4416170,1642.93,-0.00258955,-0.000077881,0.0300614,0.999545,1.17622,0,0
3523.55,490358,4416170,1642.93,-0.00279396,-8.48E-05,0.030334,0.999536,1.15668,0,0
3523.66,490358,4416170,1642.93,-0.00320281,-9.81E-05,0.0306065,0.999526,1.14149,0,0
3523.74,490357,4416170,1642.93,-0.00408869,-0.0001252,0.0306064,0.999523,1.16211,0,0
3523.86,490357,4416170,1642.93,-0.0051109,-0.000154757,0.0302655,0.999529,1.15885,0,0
3523.94,490357,4416170,1642.93,-0.00667831,-0.000199483,0.0298564,0.999532,1.17513,0,0
3524.06,490357,4416170,1642.93,-0.00804125,-0.000238549,0.0296517,0.999528,1.1556,0,0
3524.15,490357,4416170,1642.92,-0.00885904,-0.000260996,0.029447,0.999527,1.17513,0,0
3524.26,490357,4416170,1642.92,-0.00899535,-0.000264398,0.0293788,0.999528,1.16428,0,0
3524.35,490357,4416170,1642.91,-0.00865459,-0.000255562,0.0295152,0.999527,1.20334,0,0
3524.46,490357,4416170,1642.91,-0.00715537,-0.000212269,0.0296519,0.999535,1.20768,0,0
3524.54,490357,4416170,1642.9,-0.00429324,-0.000127654,0.0297205,0.999549,1.19141,0,0
3524.66,490356,4416170,1642.9,-0.000817745,-2.49E-05,0.0304022,0.999537,1.20551,0,0
3524.75,490356,4416170,1642.9,0.00197613,6.28E-05,0.031765,0.999493,1.21311,0,0
3524.86,490356,4416170,1642.9,0.0041565,0.000137772,0.0331276,0.999442,1.29666,0,0
3524.95,490356,4416170,1642.9,0.00579163,0.0001979,0.0341494,0.9994,1.40734,0,0
3525.06,490356,4416170,1642.9,0.00660916,0.000228541,0.0345581,0.999381,1.49306,0,0
3525.15,490356,4416170,1642.89,0.00769939,0.000264138,0.0342852,0.999382,1.58963,0,0
3525.26,490356,4416170,1642.89,0.00769933,0.000265714,0.0344897,0.999375,1.6352,0,0
3525.35,490355,4416170,1642.89,0.0057234,0.000198303,0.0346264,0.999384,1.66775,0,0
3525.47,490355,4416170,1642.89,0.00449707,0.000152744,0.0339452,0.999414,1.66233,0,0
3525.55,490355,4416170,1642.89,0.00306622,0.000103098,0.0336047,0.99943,1.66341,0,0
3525.67,490355,4416170,1642.89,0.000136276,4.61E-06,0.0338093,0.999428,1.61241,0,0
3525.75,490355,4416170,1642.88,-0.00381575,-0.00012804,0.0335365,0.99943,1.58312,0,0
3525.87,490355,4416170,1642.88,-0.00667784,-0.000214509,0.0321051,0.999462,1.54731,0,0
3525.95,490354,4416170,1642.88,-0.00763246,-0.000223818,0.029311,0.999541,1.5701,0,0
3526.06,490354,4416170,1642.88,-0.00763292,-0.000207686,0.0271984,0.999601,1.56901,0,0
3526.15,490354,4416170,1642.88,-0.00804193,-0.000214426,0.0266532,0.999612,1.59397,0,0
3526.26,490354,4416170,1642.87,-0.00804192,-0.000214974,0.0267213,0.999611,1.57227,0,0
3526.34,490354,4416170,1642.86,-0.00674712,-0.00017806,0.0263808,0.999629,1.61241,0,0
3526.46,490354,4416170,1642.86,-0.00436194,-0.00010946,0.0250862,0.999676,1.54514,0,0
3526.54,490353,4416170,1642.86,-0.00293072,-7.19E-05,0.0245411,0.999695,1.56141,0,0
3526.66,490353,4416170,1642.86,-0.00429382,-0.000106286,0.0247455,0.999685,1.5115,0,0
3526.75,490353,4416170,1642.85,-0.00497549,-0.000118408,0.0237912,0.999705,1.54948,0,0
3526.86,490353,4416170,1642.85,-0.00429416,-9.14E-05,0.0212694,0.999765,1.52452,0,0
3527.06,490353,4416170,1642.86,-0.0056576,-0.000109172,0.0192926,0.999798,1.55165,0,0
3527.14,490352,4416170,1642.86,-0.00695271,-0.000133215,0.0191561,0.999792,1.59939,0,0
3527.26,490352,4416170,1642.86,-0.00736178,-0.000136032,0.0184744,0.999802,1.55165,0,0
3527.34,490352,4416170,1642.86,-0.00872518,-0.000154084,0.0176562,0.999806,1.53537,0,0
3527.46,490352,4416170,1642.86,-0.0121334,-0.000208479,0.0171785,0.999779,1.48112,0,0
3527.54,490352,4416170,1642.86,-0.0151327,-0.000246598,0.0162917,0.999753,1.52344,0,0
3527.66,490352,4416170,1642.87,-0.0174505,-0.00025581,0.0146553,0.99974,1.53863,0,0
3527.76,490352,4416170,1642.87,-0.0181325,-0.000236131,0.0130193,0.999751,1.6059,0,0
3527.87,490351,4416170,1642.87,-0.0173149,-0.00020069,0.0115881,0.999783,1.57878,0,0
3528.06,490351,4416170,1642.87,-0.0158152,-0.000190856,0.0120655,0.999802,1.56793,0,0
3528.15,490351,4416170,1642.88,-0.014452,-0.000172434,0.0119294,0.999824,1.55599,0,0
3528.26,490351,4416170,1642.88,-0.0141111,-0.000173178,0.0122703,0.999825,1.49957,0,0
3528.34,490351,4416170,1642.88,-0.0151336,-0.000180568,0.0119293,0.999814,1.54405,0,0
3528.46,490350,4416170,1642.88,-0.01602,-0.000172572,0.0107703,0.999814,1.54188,0,0
3528.55,490350,4416170,1642.87,-0.0164973,-0.000157467,0.00954331,0.999818,1.57986,0,0
3528.67,490350,4416170,1642.87,-0.0166339,-0.000130418,0.00783919,0.999831,1.59288,0,0
3528.75,490350,4416170,1642.87,-0.0156797,-0.000104763,0.00668044,0.999855,1.62109,0,0
3528.87,490350,4416170,1642.88,-0.0145891,-9.05E-05,0.00620338,0.999874,1.59397,0,0
3528.96,490350,4416170,1642.88,-0.0152707,-9.89E-05,0.00647603,0.999862,1.54188,0,0
3529.06,490350,4416170,1642.88,-0.0160887,-0.000109689,0.00681675,0.999847,1.52995,0,0
3529.14,490349,4416170,1642.88,-0.0169068,-0.00010374,0.00613502,0.999838,1.5332,0,0
3529.27,490349,4416170,1642.88,-0.0173158,-9.21E-05,0.00531699,0.999836,1.52886,0,0
3529.34,490349,4416170,1642.88,-0.0184065,-8.66E-05,0.00470342,0.99982,1.56141,0,0
3529.45,490349,4416170,1642.88,-0.0182021,-7.82E-05,0.00429443,0.999825,1.57878,0,0
3529.55,490349,4416170,1642.88,-0.0177249,-7.49E-05,0.00422628,0.999834,1.56033,0,0
3529.66,490349,4416170,1642.88,-0.0185428,-9.48E-05,0.00511237,0.999815,1.51259,0,0
3529.75,490348,4416170,1642.88,-0.0191562,-0.0001084,0.00565762,0.9998,1.56576,0,0
3529.86,490348,4416170,1642.88,-0.0184746,-9.95E-05,0.00538506,0.999815,1.55924,0,0
3530.06,490348,4416170,1642.88,-0.0200422,-0.000133912,0.00667998,0.999777,1.5408,0,0
3530.16,490348,4416170,1642.88,-0.0218826,-0.000141732,0.00647523,0.99974,1.5701,0,0
3530.26,490348,4416170,1642.88,-0.0235185,-0.000131481,0.00558893,0.999708,1.52344,0,0
3530.35,490347,4416170,1642.89,-0.0260404,-0.000120724,0.00463443,0.99965,1.55273,0,0
3530.46,490347,4416170,1642.89,-0.0288346,-0.000110088,0.00381631,0.999577,1.52995,0,0
3530.55,490347,4416170,1642.89,-0.0307429,-7.55E-05,0.0024532,0.999524,1.53429,0,0
3530.66,490347,4416170,1642.89,-0.029857,-3.46E-05,0.00115849,0.999554,1.51801,0,0
3530.75,490347,4416170,1642.9,-0.0282214,-5.39E-05,0.0019082,0.9996,1.53537,0,0
3530.86,490347,4416170,1642.9,-0.0266538,-0.000110848,0.00415728,0.999636,1.5332,0,0
3530.94,490347,4416170,1642.9,-0.0247453,-0.000141713,0.00572506,0.999677,1.58095,0,0
3531.06,490346,4416170,1642.9,-0.0224277,-0.000162082,0.00722485,0.999722,1.57986,0,0
3531.14,490346,4416170,1642.9,-0.0217459,-0.000192738,0.00886078,0.999724,1.58529,0,0
3531.27,490346,4416170,1642.89,-0.0216094,-0.000209209,0.00967869,0.99972,1.52344,0,0
3531.34,490346,4416170,1642.89,-0.0201781,-0.000191225,0.00947453,0.999751,1.55165,0,0
3531.46,490346,4416170,1642.89,-0.0185421,-0.000185835,0.0100201,0.999778,1.51367,0,0
3531.54,490346,4416170,1642.89,-0.0181329,-0.000202753,0.0111789,0.999773,1.51042,0,0
3531.66,490345,4416170,1642.89,-0.016974,-0.000203683,0.0119971,0.999784,1.52995,0,0
3531.74,490345,4416170,1642.88,-0.0147926,-0.000189611,0.0128155,0.999808,1.56901,0,0
3531.86,490345,4416170,1642.88,-0.0137019,-0.000186842,0.0136337,0.999813,1.55924,0,0
3531.94,490345,4416170,1642.88,-0.0129518,-0.000193395,0.014929,0.999805,1.61784,0,0
3532.06,490345,4416170,1642.88,-0.01227,-0.000194092,0.0158152,0.9998,1.55599,0,0
3532.14,490345,4416170,1642.89,-0.0107702,-0.000184322,0.0171106,0.999796,1.57986,0,0
3532.27,490344,4416170,1642.89,-0.0115197,-0.000210505,0.0182692,0.999767,1.50391,0,0
3532.34,490344,4416170,1642.89,-0.011247,-0.000210891,0.0187464,0.999761,1.52235,0,0
3532.46,490344,4416170,1642.89,-0.00886129,-0.000167969,0.0189513,0.999781,1.4974,0,0
3532.54,490344,4416170,1642.89,-0.00681637,-0.000131532,0.0192924,0.999791,1.52561,0,0
3532.65,490344,4416170,1642.89,-0.00327186,-6.40E-05,0.0195654,0.999803,1.52344,0,0
3532.75,490344,4416170,1642.9,0.000613456,1.29E-05,0.0210651,0.999778,1.58095,0,0
3532.86,490344,4416170,1642.9,0.00143134,3.28E-05,0.0229054,0.999737,1.56684,0,0
3532.94,490343,4416170,1642.9,0.00163578,3.92E-05,0.0239278,0.999712,1.59071,0,0
3533.06,490343,4416170,1642.9,0.00122688,2.75E-05,0.0224283,0.999748,1.56793,0,0
3533.14,490343,4416170,1642.9,0.00163592,3.25E-05,0.0198381,0.999802,1.6059,0,0
3533.26,490343,4416170,1642.9,0.00129516,2.30E-05,0.0177251,0.999842,1.5408,0,0
3533.35,490343,4416170,1642.9,0.00136334,2.33E-05,0.0171115,0.999853,1.59288,0,0
3533.46,490343,4416170,1642.9,0.00340837,5.65E-05,0.0165661,0.999857,1.58529,0,0
3533.54,490342,4416170,1642.89,0.00477167,8.13E-05,0.0170432,0.999843,1.58854,0,0
3533.66,490342,4416170,1642.89,0.00620311,0.000108699,0.0175202,0.999827,1.59722,0,0
3533.68,490342,4416170,1642.89,0.00640759,0.000113156,0.0176565,0.999824,1.61675,0,0
3533.86,490342,4416170,1642.89,0.00688471,0.00012346,0.0179292,0.999816,1.57118,0,0
3533.94,490342,4416170,1642.88,0.0074982,0.000133439,0.0177928,0.999814,1.61675,0,0
3534.05,490342,4416170,1642.88,0.00838443,0.000144064,0.0171791,0.999817,1.54839,0,0
3534.15,490341,4416170,1642.88,0.00954312,0.000169179,0.0177243,0.999797,1.54948,0,0
3534.18,490341,4416170,1642.88,0.00947492,0.000170555,0.017997,0.999793,1.50499,0,0
3534.25,490341,4416170,1642.88,0.00892952,0.000165609,0.0185423,0.999788,1.50499,0,0
3534.34,490341,4416170,1642.88,0.00988383,0.000181286,0.0183377,0.999783,1.53103,0,0
3534.46,490341,4416170,1642.89,0.0120652,0.000210599,0.0174512,0.999775,1.53537,0,0
3534.54,490341,4416170,1642.89,0.0116561,0.000207433,0.017792,0.999774,1.5191,0,0
3534.66,490341,4416170,1642.89,0.00933856,0.00017001,0.0182014,0.999791,1.50716,0,0
3534.7,490340,4416170,1642.88,0.0083161,0.000151964,0.0182698,0.999798,1.57444,0,0
3534.74,490341,4416170,1642.88,0.00695286,0.00012563,0.0180654,0.999813,1.57444,0,0
3534.86,490340,4416170,1642.88,0.00463538,7.65E-05,0.0164979,0.999853,1.61133,0,0
3534.94,490340,4416170,1642.89,0.00218143,3.14E-05,0.0143848,0.999894,1.63628,0,0
3535.06,490340,4416170,1642.89,0.000818056,1.05E-05,0.0128169,0.999918,1.60265,0,0
3535.14,490340,4416170,1642.89,0,0,0.0115216,0.999934,1.60916,0,0
3535.26,490340,4416170,1642.89,-0.00054538,-6.25E-06,0.0114534,0.999934,1.52995,0,0
3535.34,490340,4416170,1642.89,0.000409034,4.71E-06,0.0115216,0.999934,1.56901,0,0
3535.46,490339,4416170,1642.89,0.00115893,1.34E-05,0.0115898,0.999932,1.56033,0,0
3535.54,490339,4416170,1642.89,0.00238601,2.91E-05,0.0122034,0.999923,1.53754,0,0
3535.66,490339,4416170,1642.89,0.00368126,4.62E-05,0.0125441,0.999915,1.51693,0,0
3535.74,490339,4416170,1642.89,0.00409027,5.24E-05,0.0128168,0.999909,1.54297,0,0
3535.86,490339,4416170,1642.89,0.00402209,5.24E-05,0.0130213,0.999907,1.56359,0,0
3535.94,490339,4416170,1642.89,0.00409029,5.08E-05,0.0124078,0.999915,1.55707,0,0
3536.06,490338,4416170,1642.89,0.00395397,4.72E-05,0.0119306,0.999921,1.56793,0,0
3536.14,490338,4416170,1642.89,0.00279506,3.24E-05,0.0115898,0.999929,1.58095,0,0
3536.25,490338,4416170,1642.9,0.00190883,2.19E-05,0.0114534,0.999933,1.54297,0,0
3536.34,490338,4416170,1642.9,0.00102259,1.12E-05,0.0109081,0.99994,1.54839,0,0
3536.45,490338,4416170,1642.9,-0.00102259,-0.000011434,0.0111808,0.999937,1.5842,0,0
3536.54,490338,4416170,1642.9,-0.00361314,-4.06E-05,0.0112489,0.99993,1.57552,0,0
3536.65,490337,4416170,1642.9,-0.0050448,-5.19E-05,0.0102944,0.999934,1.55599,0,0
3536.74,490337,4416170,1642.9,-0.00572657,-5.43E-05,0.0094763,0.999939,1.59614,0,0
3536.87,490337,4416170,1642.9,-0.00640832,-5.90E-05,0.00920356,0.999937,1.54514,0,0
3536.94,490337,4416170,1642.9,-0.00606745,-5.63E-05,0.00927176,0.999939,1.57661,0,0
3537.05,490337,4416170,1642.9,-0.00579473,-0.000056101,0.00968079,0.999936,1.55599,0,0
3537.14,490337,4416170,1642.91,-0.00504483,-0.000048841,0.00968084,0.99994,1.56033,0,0
3537.25,490337,4416170,1642.9,-0.00490849,-4.75E-05,0.00968084,0.999941,1.5115,0,0
3537.34,490336,4416170,1642.91,-0.00518118,-4.98E-05,0.00961268,0.99994,1.52995,0,0
3537.45,490336,4416170,1642.9,-0.00559025,-5.11E-05,0.00913546,0.999943,1.51042,0,0
3537.54,490336,4416170,1642.9,-0.0055221,-4.71E-05,0.00852188,0.999948,1.54297,0,0
3537.65,490336,4416170,1642.9,-0.00593116,-4.89E-05,0.00824915,0.999948,1.55273,0,0
3537.75,490336,4416170,1642.91,-0.00613568,-5.02E-05,0.00818096,0.999948,1.60807,0,0
3537.86,490336,4416170,1642.91,-0.00709011,-5.75E-05,0.00811276,0.999942,1.5918,0,0
3537.94,490335,4416170,1642.91,-0.00858989,-7.14E-05,0.00831717,0.999929,1.6276,0,0
3538.05,490335,4416170,1642.92,-0.009408,-7.25E-05,0.0077036,0.999926,1.56576,0,0
3538.14,490335,4416170,1642.92,-0.0097489,-6.91E-05,0.00709003,0.999927,1.57986,0,0
3538.26,490335,4416170,1642.92,-0.0104306,-7.32E-05,0.00702179,0.999921,1.53646,0,0
3538.34,490335,4416170,1642.93,-0.0107715,-7.56E-05,0.00702179,0.999917,1.53863,0,0
3538.45,490335,4416170,1642.93,-0.0108396,-7.76E-05,0.00715809,0.999916,1.53646,0,0
3538.56,490335,4416170,1642.93,-0.0115895,-0.000086127,0.00743074,0.999905,1.53863,0,0
3538.65,490334,4416170,1642.93,-0.0117259,-8.31E-05,0.00708986,0.999906,1.52452,0,0
3538.76,490334,4416170,1642.94,-0.0111805,-7.32E-05,0.00654452,0.999916,1.57986,0,0
3538.85,490334,4416170,1642.94,-0.0117941,-7.80E-05,0.00661263,0.999909,1.54405,0,0
3538.94,490334,4416170,1642.94,-0.0124758,-8.51E-05,0.00681713,0.999899,1.59505,0,0
3539.06,490334,4416170,1642.94,-0.0122713,-7.45E-05,0.00606725,0.999906,1.52127,0,0
3539.14,490334,4416170,1642.94,-0.0124758,-7.14E-05,0.00572637,0.999906,1.58095,0,0
3539.25,490333,4416170,1642.95,-0.0134302,-7.87E-05,0.00586267,0.999893,1.54297,0,0
3539.34,490333,4416170,1642.94,-0.0141801,-8.02E-05,0.00565809,0.999883,1.5918,0,0
3539.46,490333,4416170,1642.94,-0.01493,-0.000081431,0.00545351,0.999874,1.60482,0,0
3539.56,490333,4416170,1642.95,-0.0152027,-7.26E-05,0.00477178,0.999873,1.55924,0,0
3539.65,490333,4416170,1642.95,-0.0152027,-0.000066334,0.00436279,0.999875,1.55599,0,0
3539.76,490333,4416170,1642.95,-0.0152027,-6.74E-05,0.00443098,0.999875,1.56793,0,0
3539.85,490332,4416170,1642.95,-0.0143847,-6.08E-05,0.00422653,0.999888,1.54405,0,0
3539.96,490332,4416170,1642.96,-0.0133622,-5.56E-05,0.00415842,0.999902,1.55816,0,0
3540.05,490332,4416170,1642.96,-0.0128168,-5.94E-05,0.00463565,0.999907,1.5408,0,0
3540.15,490332,4416170,1642.96,-0.0124759,-5.78E-05,0.00463565,0.999911,1.56467,0,0
3540.25,490332,4416170,1642.96,-0.0123396,-5.64E-05,0.0045675,0.999913,1.51584,0,0
3540.38,490332,4416170,1642.97,-0.0128168,-5.77E-05,0.0044993,0.999908,1.52344,0,0
3540.46,490332,4416170,1642.97,-0.0132258,-6.13E-05,0.00463561,0.999902,1.53971,0,0
3540.56,490331,4416170,1642.97,-0.0136348,-5.86E-05,0.00429476,0.999898,1.54839,0,0
3540.64,490331,4416170,1642.97,-0.0133622,-5.47E-05,0.00409023,0.999902,1.55056,0,0
3540.78,490331,4416170,1642.98,-0.012885,-5.45E-05,0.00422661,0.999908,1.55816,0,0
3540.85,490331,4416170,1642.98,-0.0117942,-6.03E-05,0.00511292,0.999917,1.50716,0,0
3540.97,490331,4416170,1642.98,-0.0100897,-7.77E-05,0.00770352,0.999919,1.57444,0,0
3541.05,490331,4416170,1642.98,-0.00858976,-8.55E-05,0.00995332,0.999914,1.57552,0,0
3541.15,490330,4416170,1642.98,-0.00654449,-7.67E-05,0.0117259,0.99991,1.62435,0,0
3541.25,490330,4416170,1642.98,-0.00572635,-0.000074181,0.012953,0.9999,1.56467,0,0
3541.38,490330,4416170,1642.98,-0.00443112,-5.68E-05,0.0128168,0.999908,1.58746,0,0
3541.45,490330,4416170,1642.98,-0.00279502,-3.56E-05,0.0127487,0.999915,1.5701,0,0
3541.55,490330,4416170,1642.98,-0.00252232,-3.37E-05,0.0133622,0.999908,1.55816,0,0
3541.65,490330,4416170,1642.98,-0.00197694,-2.75E-05,0.0139076,0.999901,1.55273,0,0
3541.77,490329,4416170,1642.98,-0.00102255,-1.43E-05,0.0139758,0.999902,1.59288,0,0
3541.85,490329,4416170,1642.98,-0.000545362,-7.62E-06,0.0139758,0.999902,1.57986,0,0
3541.96,490329,4416170,1642.98,-0.000477192,-6.64E-06,0.0139077,0.999903,1.59614,0,0
3542.05,490329,4416170,1642.98,-0.00102254,-0.000015129,0.0147938,0.99989,1.58963,0,0
3542.14,490329,4416170,1642.98,-0.00149972,-2.27E-05,0.0151347,0.999884,1.61241,0,0
3542.25,490329,4416170,1642.98,-0.00109071,-1.61E-05,0.0147938,0.99989,1.56576,0,0
3542.37,490329,4416170,1642.98,-6.82E-05,-9.90E-07,0.0145211,0.999895,1.57769,0,0
3542.45,490328,4416170,1642.98,0.000272677,4.11E-06,0.0150665,0.999886,1.57444,0,0
3542.55,490328,4416170,1642.98,0.00136337,2.16E-05,0.0158164,0.999874,1.54948,0,0
3542.65,490328,4416170,1642.98,0.00224953,3.70E-05,0.0164299,0.999862,1.56901,0,0
3542.75,490328,4416170,1642.98,0.00293119,4.94E-05,0.0168388,0.999854,1.57986,0,0
3542.85,490328,4416170,1642.98,0.003272,5.64E-05,0.0172478,0.999846,1.56467,0,0
3542.95,490328,4416170,1642.98,0.00327198,5.76E-05,0.0175887,0.99984,1.57227,0,0
3543.05,490327,4416170,1642.99,0.00381729,6.79E-05,0.0177931,0.999834,1.5408,0,0
3543.17,490327,4416170,1642.99,0.0037491,6.83E-05,0.0182021,0.999827,1.56576,0,0
3543.25,490327,4416170,1642.99,0.00347641,6.47E-05,0.0186111,0.999821,1.50825,0,0
3543.37,490327,4416170,1642.99,0.00340824,6.41E-05,0.0188156,0.999817,1.5408,0,0
3543.45,490327,4416170,1642.99,0.00415803,7.88E-05,0.0189519,0.999812,1.56576,0,0
3543.57,490327,4416170,1642.99,0.00497599,9.50E-05,0.0190881,0.999805,1.57552,0,0
3543.65,490326,4416170,1642.99,0.00620286,0.000121808,0.0196333,0.999788,1.57986,0,0
3543.76,490326,4416170,1642.99,0.00606639,0.000126576,0.0208602,0.999764,1.58203,0,0
3543.84,490326,4416170,1642.99,0.00545283,0.000118981,0.0218146,0.999747,1.5625,0,0
3543.98,490326,4416170,1642.99,0.00511205,0.000110499,0.0216101,0.999753,1.5701,0,0
3544.05,490326,4416170,1642.99,0.0051803,0.000108088,0.0208604,0.999769,1.57661,0,0
3544.18,490326,4416170,1643,0.00449873,9.14E-05,0.0203151,0.999784,1.60156,0,0
3544.26,490325,4416170,1643,0.00415792,8.45E-05,0.0203152,0.999785,1.56793,0,0
3544.37,490325,4416170,1643,0.00463506,9.39E-05,0.0202469,0.999784,1.5918,0,0
3544.46,490325,4416170,1643,0.00593013,0.000120902,0.0203831,0.999775,1.56684,0,0
3544.57,490325,4416170,1643,0.00742961,0.000154513,0.0207919,0.999756,1.55599,0,0
3544.66,490325,4416170,1643,0.00865642,0.000183569,0.0212006,0.999738,1.53754,0,0
3544.78,490325,4416170,1643.01,0.00913338,0.000200537,0.0219503,0.999717,1.56576,0,0
3544.85,490325,4416170,1643.01,0.00906511,0.000203985,0.0224956,0.999706,1.5408,0,0
3544.97,490324,4416170,1643.01,0.00790634,0.000182224,0.0230411,0.999703,1.5625,0,0
3545.05,490324,4416170,1643.01,0.00647503,0.000149678,0.0231095,0.999712,1.56793,0,0
3545.18,490324,4416170,1643,0.00524829,0.000117024,0.0222917,0.999738,1.62001,0,0
3545.25,490324,4416170,1643,0.0042942,8.93E-05,0.0207923,0.999775,1.59071,0,0
3545.37,490324,4416170,1643,0.00388532,7.68E-05,0.0197699,0.999797,1.61024,0,0
3545.45,490324,4416170,1643.01,0.00361268,7.05E-05,0.0194973,0.999803,1.58854,0,0
3545.57,490323,4416170,1643.01,0.00347636,6.76E-05,0.0194291,0.999805,1.55924,0,0
3545.65,490323,4416170,1643.01,0.00286286,5.72E-05,0.0199744,0.999796,1.5332,0,0
3545.78,490323,4416170,1643.02,0.00115875,2.46E-05,0.0212014,0.999775,1.54297,0,0
3545.85,490323,4416170,1643.01,-0.00109058,-2.33E-05,0.0213378,0.999772,1.54297,0,0
3545.97,490323,4416170,1643.01,-0.00115878,-2.28E-05,0.0197018,0.999805,1.60373,0,0
3546.05,490323,4416170,1643.01,-0.000477154,-8.98E-06,0.0188157,0.999823,1.58637,0,0
3546.17,490322,4416170,1643.01,-0.00197676,-0.000038414,0.0194291,0.999809,1.57661,0,0
3546.26,490322,4416170,1643.01,-0.00231756,-4.58E-05,0.0197699,0.999802,1.53971,0,0
3546.38,490322,4416170,1643.01,-0.000817981,-1.52E-05,0.0186112,0.999826,1.55924,0,0
3546.46,490322,4416170,1643.02,-0.000749817,-1.39E-05,0.0185431,0.999828,1.5332,0,0
3546.57,490322,4416170,1643.02,-0.00204494,-3.89E-05,0.0190202,0.999817,1.53863,0,0
3546.66,490322,4416170,1643.02,-0.00245392,-0.000047017,0.0191565,0.999813,1.55599,0,0
3546.77,490322,4416170,1643.02,-0.0028629,-5.50E-05,0.0192246,0.999811,1.59071,0,0
3546.85,490321,4416170,1643.03,-0.00408984,-7.92E-05,0.0193609,0.999804,1.57661,0,0
3546.97,490321,4416170,1643.02,-0.00483965,-9.27E-05,0.0191563,0.999805,1.60048,0,0
3547.05,490321,4416170,1643.02,-0.0046352,-8.69E-05,0.0187473,0.999814,1.58095,0,0
3547.17,490321,4416170,1643.02,-0.00422623,-7.84E-05,0.0185429,0.999819,1.54948,0,0
3547.25,490321,4416170,1643.02,-0.00490783,-9.34E-05,0.01902,0.999807,1.44314,0,0
3547.37,490321,4416170,1643.02,-0.00504412,-9.80E-05,0.0194289,0.999799,1.40191,0,0
3547.45,490320,4416170,1643.03,-0.00443066,-8.55E-05,0.0192927,0.999804,1.35091,0,0
3547.57,490320,4416170,1643.03,-0.00408985,-7.86E-05,0.0192246,0.999807,1.30425,0,0
3547.66,490320,4416170,1643.03,-0.00415802,-7.97E-05,0.0191564,0.999808,1.27604,0,0
3547.77,490320,4416170,1643.03,-0.00388537,-7.39E-05,0.0190201,0.999812,1.29991,0,0
3547.85,490320,4416170,1643.03,-0.0038854,-7.26E-05,0.0186792,0.999818,1.31727,0,0
3547.97,490320,4416170,1643.04,-0.00381726,-7.00E-05,0.0183384,0.999825,1.36068,0,0
3548.05,490320,4416170,1643.04,-0.00388548,-6.78E-05,0.0174523,0.99984,1.36719,0,0
3548.17,490320,4416170,1643.04,-0.00374919,-6.29E-05,0.0167706,0.999852,1.40191,0,0
3548.25,490319,4416170,1643.04,-0.00354475,-5.63E-05,0.0158845,0.999868,1.36176,0,0
3548.36,490319,4416170,1643.04,-0.00347663,-5.19E-05,0.0149301,0.999882,1.40191,0,0
3548.45,490319,4416170,1643.04,-0.00306765,-4.33E-05,0.0141121,0.999896,1.39648,0,0
3548.57,490319,4416170,1643.04,-0.00299949,-4.19E-05,0.0139757,0.999898,1.3954,0,0
3548.65,490319,4416170,1643.04,-0.00334034,-4.67E-05,0.0139757,0.999897,1.37695,0,0
3548.77,490319,4416170,1643.04,-0.00354486,-4.88E-05,0.0137712,0.999899,1.37804,0,0
3548.85,490319,4416170,1643.05,-0.00320403,-4.26E-05,0.013294,0.999906,1.36393,0,0
3548.97,490318,4416170,1643.05,-0.00347672,-4.50E-05,0.0129532,0.99991,1.38238,0,0
3549.06,490318,4416170,1643.05,-0.00361308,-0.000046066,0.0127487,0.999912,1.36393,0,0
3549.17,490318,4416170,1643.05,-0.00402211,-5.05E-05,0.0125441,0.999913,1.38997,0,0
3549.25,490318,4416170,1643.05,-0.00395397,-4.74E-05,0.0119987,0.99992,1.35959,0,0
3549.37,490318,4416170,1643.05,-0.00306777,-3.39E-05,0.0110444,0.999934,1.37804,0,0
3549.46,490318,4416170,1643.05,-0.00231788,-2.47E-05,0.0106354,0.999941,1.37695,0,0
3549.57,490318,4416170,1643.05,-0.00238605,-2.55E-05,0.0107035,0.99994,1.3444,0,0
3549.66,490317,4416170,1643.05,-0.00238606,-2.52E-05,0.0105672,0.999941,1.3227,0,0
3549.75,490317,4416170,1643.05,-0.00224973,-2.22E-05,0.0098855,0.999949,1.35634,0,0
3549.86,490317,4416170,1643.05,-0.00238609,-2.21E-05,0.00927193,0.999954,1.34766,0,0
3549.96,490317,4416170,1643.05,-0.00231792,-2.05E-05,0.00886285,0.999958,1.38563,0,0
3550.07,490317,4416170,1643.05,-0.00204523,-0.00001743,0.00852197,0.999962,1.36502,0,0
3550.16,490317,4416170,1643.05,-0.00143167,-1.18E-05,0.00824928,0.999965,1.37587,0,0
3550.25,490317,4416170,1643.05,-0.00102262,-8.30E-06,0.00811297,0.999967,1.32378,0,0
3550.37,490317,4416170,1643.05,-0.000477223,-3.81E-06,0.00797659,0.999968,1.33572,0,0
3550.46,490316,4416170,1643.05,-0.000204525,-1.56E-06,0.00763574,0.999971,1.301,0,0
3550.58,490316,4416170,1643.05,-0.000340875,-2.51E-06,0.00736305,0.999973,1.2717,0,0
3550.66,490316,4416170,1643.05,-0.000204526,-1.41E-06,0.00688583,0.999976,1.24566,0,0
3550.78,490316,4416170,1643.05,-0.00074993,-4.86E-06,0.00647679,0.999979,1.25868,0,0
3550.86,490316,4416170,1643.05,-0.00143169,-8.78E-06,0.00613586,0.99998,1.2424,0,0
3550.97,490316,4416170,1643.06,-0.00136352,-7.72E-06,0.00565864,0.999983,1.28255,0,0
3551.04,490316,4416170,1643.06,-0.00163622,-8.48E-06,0.00518145,0.999985,1.26411,0,0
3551.17,490315,4416170,1643.06,-0.00149987,-7.46E-06,0.00497687,0.999986,1.29015,0,0
3551.25,490315,4416170,1643.06,-0.00163623,-7.92E-06,0.00484052,0.999987,1.25543,0,0
3551.38,490315,4416170,1643.06,-0.00163623,-7.59E-06,0.00463598,0.999988,1.29123,0,0
3551.45,490315,4416170,1643.06,-0.00149988,-6.34E-06,0.00422695,0.99999,1.29557,0,0
3551.54,490315,4416170,1643.06,-0.00149988,-5.52E-06,0.00368157,0.999992,1.28906,0,0
3551.64,490315,4416170,1643.06,-0.00136353,-4.56E-06,0.00334064,0.999993,1.28581,0,0
3551.77,490315,4416170,1643.06,-0.001159,-3.48E-06,0.00299976,0.999995,1.29883,0,0
3551.85,490315,4416170,1643.06,-0.00081812,-2.29E-06,0.00279526,0.999996,1.28038,0,0
3551.98,490314,4416170,1643.07,-0.000545414,-1.38E-06,0.00252253,0.999997,1.28255,0,0
3552.05,490314,4416170,1643.07,-0.000545414,-1.26E-06,0.00231803,0.999997,1.28581,0,0
3552.17,490314,4416170,1643.07,-0.000954475,-1.89E-06,0.00197715,0.999998,1.29774,0,0
3552.25,490314,4416170,1643.07,-0.00149989,-2.15E-06,0.00143173,0.999998,1.26628,0,0
3552.34,490314,4416170,1643.07,-0.0017726,-1.45E-06,0.000818112,0.999998,1.301,0,0
3552.45,490314,4416170,1643.07,-0.00156807,-3.21E-07,0.000204539,0.999999,1.29774,0,0
3552.56,490314,4416170,1643.07,0.00149989,-1.02E-07,6.82E-05,-0.999999,1.26194,0,0
3552.65,490314,4416170,1643.07,0.00109083,-2.23E-07,0.000204539,-0.999999,1.25326,0,0
3552.76,490313,4416170,1643.07,0.00102265,-2.79E-07,0.000272732,-0.999999,1.28581,0,0
3552.86,490313,4416170,1643.07,0.000954477,-3.90E-07,0.000409077,-0.999999,1.27713,0,0
3552.95,490313,4416170,1643.07,0.00136354,-1.21E-06,0.000886306,-0.999999,1.29774,0,0
3553.05,490313,4416170,1643.08,0.00129536,-1.68E-06,0.00129538,-0.999998,1.27713,0,0
3553.16,490313,4416170,1643.08,0.00143171,-1.85E-06,0.00129534,-0.999998,1.29449,0,0
3553.26,490313,4416170,1643.08,0.00156807,-1.50E-06,0.000954458,-0.999998,1.24891,0,0
3553.34,490313,4416170,1643.08,0.0017726,-1.21E-06,0.000681767,-0.999998,1.27387,0,0
3553.45,490313,4416170,1643.08,0.00156807,-1.39E-06,0.000886264,-0.999998,1.27604,0,0
3553.56,490312,4416170,1643.08,0.00129536,-1.50E-06,0.001159,-0.999998,1.28255,0,0
3553.65,490312,4416170,1643.09,0.00143171,-2.05E-06,0.00143173,-0.999998,1.28147,0,0
3553.77,490312,4416170,1643.09,0.0017726,-2.90E-06,0.00163627,-0.999997,1.29557,0,0
3553.85,490312,4416170,1643.09,0.00170442,-3.37E-06,0.00197711,-0.999997,1.28798,0,0
3553.98,490312,4416170,1643.09,0.00163624,-3.90E-06,0.00238619,-0.999996,1.29774,0,0
3554.05,490312,4416170,1643.09,0.00109083,-2.75E-06,0.00252253,-0.999996,1.27496,0,0
3554.19,490312,4416170,1643.09,0.000954474,-2.47E-06,0.00259068,-0.999996,1.28798,0,0
3554.25,490312,4416170,1643.09,0.00081812,-2.18E-06,0.00265892,-0.999996,1.25326,0,0
3554.38,490311,4416170,1643.09,0.00129536,-3.36E-06,0.00259072,-0.999996,1.28906,0,0
3554.45,490311,4416170,1643.09,0.00197712,-5.66E-06,0.00286341,-0.999994,1.29774,0,0
3554.54,490311,4416170,1643.09,0.00156806,-5.99E-06,0.00381791,-0.999991,1.30317,0,0
3554.65,490311,4416170,1643.09,0.0014317,-6.15E-06,0.00429514,-0.99999,1.28147,0,0
3554.77,490311,4416170,1643.09,0.00122717,-5.02E-06,0.0040906,-0.999991,1.29232,0,0
3554.85,490311,4416170,1643.09,0.000613587,-2.47E-06,0.00402241,-0.999992,1.28364,0,0
3554.97,490311,4416170,1643.09,-0.000545411,2.23E-06,0.0040906,-0.999991,1.31402,0,0
3555.05,490310,4416170,1643.09,-0.00149988,6.34E-06,0.00422695,-0.99999,1.29991,0,0
3555.19,490310,4416170,1643.09,-0.00252252,1.07E-05,0.00422695,-0.999988,1.32487,0,0
3555.25,490310,4416170,1643.09,-0.00293158,1.16E-05,0.00395426,-0.999988,1.26736,0,0
3555.34,490310,4416170,1643.09,-0.00306794,1.15E-05,0.00374972,-0.999988,1.29232,0,0
3555.47,490310,4416170,1643.09,-0.00279523,1.09E-05,0.00388607,-0.999989,1.2793,0,0
3555.58,490310,4416170,1643.09,-0.00279522,1.24E-05,0.00443145,-0.999986,1.26845,0,0
3555.64,490310,4416170,1643.1,-0.00245433,1.25E-05,0.00511321,-0.999984,1.24783,0,0
3555.78,490310,4416170,1643.1,-0.0022498,1.24E-05,0.00552229,-0.999982,1.23481,0,0
3555.85,490309,4416170,1643.1,-0.00184075,1.04E-05,0.00565864,-0.999982,1.20009,0,0
3555.98,490309,4416170,1643.1,-0.0019771,1.13E-05,0.00572679,-0.999982,1.19683,0,0
3556.04,490309,4416170,1643.1,-0.00211345,1.25E-05,0.00593133,-0.99998,1.16536,0,0
3556.16,490309,4416170,1643.11,-0.00224979,1.38E-05,0.00613586,-0.999979,1.17079,0,0
3556.24,490309,4416170,1643.11,-0.00197709,1.23E-05,0.00620406,-0.999979,1.13064,0,0
3556.38,490309,4416170,1643.11,-0.00170439,1.07E-05,0.00627225,-0.999979,1.16319,0,0
3556.46,490309,4416170,1643.11,-0.00136351,8.92E-06,0.0065449,-0.999978,1.17296,0,0
3556.57,490309,4416170,1643.11,-0.000749929,5.01E-06,0.00668129,-0.999977,1.19575,0,0
3556.66,490308,4416170,1643.12,-0.000681752,4.83E-06,0.00709032,-0.999975,1.199,0,0
3556.78,490308,4416170,1643.11,-0.00102262,7.74E-06,0.00756755,-0.999971,1.17296,0,0
3556.86,490308,4416170,1643.12,-0.00170437,1.32E-05,0.00777209,-0.999968,1.19358,0,0
3557,490308,4416170,1643.12,-0.00204524,1.62E-05,0.00790839,-0.999967,1.20443,0,0
3557.06,490308,4416170,1643.12,-0.00259064,2.07E-05,0.00797663,-0.999965,1.20443,0,0
3557.18,490308,4416170,1643.12,-0.00299968,2.43E-05,0.00811293,-0.999963,1.21419,0,0
3557.26,490308,4416170,1643.12,-0.00327237,2.72E-05,0.00831747,-0.99996,1.1697,0,0
3557.37,490308,4416170,1643.12,-0.00361324,3.05E-05,0.00845377,-0.999958,1.19792,0,0
3557.46,490308,4416170,1643.12,-0.00340872,2.91E-05,0.00852197,-0.999958,1.19249,0,0
3557.57,490307,4416170,1643.12,-0.00354508,2.83E-05,0.00797654,-0.999962,1.18273,0,0
3557.65,490307,4416170,1643.12,-0.0033406,2.10E-05,0.00627221,-0.999975,1.18924,0,0
3557.77,490307,4416170,1643.12,-0.0031361,0.000013684,0.00436329,-0.999986,1.2066,0,0
3557.86,490307,4416170,1643.12,-0.00354518,7.49E-06,0.0021135,-0.999991,1.19575,0,0
3557.98,490307,4416170,1643.12,-0.00374972,4.86E-06,0.00129534,-0.999992,1.22287,0,0
3558.04,490307,4416170,1643.12,-0.00361337,2.96E-06,0.000818112,-0.999993,1.20877,0,0
3558.18,490307,4416170,1643.12,-0.00361337,2.96E-06,0.000818112,-0.999993,1.21745,0,0
3558.24,490307,4416170,1643.12,-0.0029316,2.80E-06,0.000954458,-0.999995,1.17405,0,0
3558.38,490307,4416170,1643.12,-0.00259072,2.65E-06,0.00102265,-0.999996,1.18598,0,0
3558.44,490306,4416170,1643.12,-0.00245437,2.34E-06,0.000954458,-0.999997,1.18924,0,0
3558.55,490306,4416170,1643.13,-0.00245437,1.34E-06,0.000545422,-0.999997,1.18381,0,0
3558.65,490306,4416170,1643.13,-0.00279525,1.91E-07,6.82E-05,-0.999996,1.15994,0,0
3558.76,490306,4416170,1643.13,0.0029316,1.20E-06,0.000409077,0.999996,1.15994,0,0
3558.85,490306,4416170,1643.13,0.00334066,2.51E-06,0.000749919,0.999994,1.11328,0,0
3558.98,490306,4416170,1643.13,0.00354519,3.87E-06,0.0010908,0.999993,1.11003,0,0
3559.05,490306,4416170,1643.13,0.00361337,4.93E-06,0.00136353,0.999993,1.07313,0,0
3559.16,490306,4416170,1643.13,0.00347701,5.93E-06,0.00170442,0.999993,1.07096,0,0
3559.25,490305,4416170,1643.13,0.00347701,7.11E-06,0.0020453,0.999992,1.01128,0,0
3559.35,490305,4416170,1643.13,0.00279524,6.67E-06,0.00238619,0.999993,1.03407,0,0
3559.45,490305,4416170,1643.13,0.00211348,5.76E-06,0.00272707,0.999994,1.03299,0,0
3559.55,490305,4416170,1643.13,0.00218165,5.50E-06,0.00252253,0.999994,1.04492,0,0
3559.65,490305,4416170,1643.13,0.00313612,7.27E-06,0.00231799,0.999992,1.02539,0,0
3559.75,490305,4416170,1643.14,0.00327247,9.59E-06,0.00293161,0.99999,1.06662,0,0
3559.85,490305,4416170,1643.14,0.00313611,1.20E-05,0.00381787,0.999988,1.05794,0,0
3559.96,490305,4416170,1643.14,0.00361334,0.00001552,0.0042951,0.999984,1.07856,0,0
3560.05,490305,4416170,1643.14,0.00490867,2.14E-05,0.00436325,0.999978,1.07096,0,0
3560.17,490304,4416170,1643.15,0.00579495,2.65E-05,0.00456775,0.999973,1.07096,0,0
3560.25,490304,4416170,1643.15,0.00661302,3.47E-05,0.00524947,0.999964,1.01345,0,0
3560.36,490304,4416170,1643.15,0.00756742,4.64E-05,0.0061357,0.999953,1.00911,0,0
3560.45,490304,4416170,1643.15,0.00852181,5.87E-05,0.00688557,0.99994,0.984158,0,0
3560.57,490304,4416170,1643.15,0.00879448,6.42E-05,0.00729457,0.999935,0.963542,0,0
3560.65,490304,4416170,1643.15,0.00865811,6.55E-05,0.0075673,0.999934,0.929905,0,0
3560.76,490304,4416170,1643.16,0.00865811,0.000066113,0.00763545,0.999933,0.903863,0,0
3560.85,490304,4416170,1643.16,0.00831724,6.41E-05,0.00770364,0.999936,0.893012,0,0
3560.98,490304,4416170,1643.16,0.007431,5.67E-05,0.00763553,0.999943,0.896267,0,0
3561.05,490304,4416170,1643.16,0.00593121,4.21E-05,0.00709024,0.999957,0.904948,0,0
3561.19,490304,4416170,1643.16,0.00409052,2.62E-05,0.00640855,0.999971,0.945095,0,0
3561.25,490303,4416170,1643.16,0.00149987,8.39E-06,0.00559048,0.999983,0.928819,0,0
3561.36,490303,4416170,1643.16,-0.00177258,-7.98E-06,0.00449964,0.999988,0.978733,0,0
3561.45,490303,4416170,1643.16,-0.00552227,-1.84E-05,0.00334064,0.999979,0.993924,0,0
3561.58,490303,4416170,1643.16,-0.00913556,-1.93E-05,0.00211337,0.999956,1.01562,0,0
3561.66,490303,4416170,1643.16,-0.0119988,-1.15E-05,0.000954415,0.999928,1.02322,0,0
3561.78,490303,4416170,1643.16,0.0138395,-3.77E-06,0.00027269,-0.999904,1.03299,0,0
3561.86,490303,4416170,1643.16,0.0146575,-1.30E-05,0.00088618,-0.999892,1.00586,0,0
3561.97,490303,4416170,1643.16,0.014453,-1.38E-05,0.000954373,-0.999895,1.01562,0,0
3562.05,490303,4416170,1643.16,0.0137031,-9.34E-06,0.000681725,-0.999906,0.986328,0,0
3562.17,490303,4416170,1643.16,0.0123397,-8.42E-07,6.82E-05,-0.999924,0.987413,0,0
3562.26,490302,4416170,1643.16,-0.0104991,-4.29E-06,0.000409035,0.999945,0.93099,0,0
3562.57,490302,4416170,1643.16,-0.00490871,-1.04E-05,0.00211345,0.999986,0.928819,0,0
3562.64,490302,4416170,1643.16,-0.00388606,-1.06E-05,0.00272703,0.999989,0.907118,0,0
3562.71,490302,4416170,1643.16,-0.00354518,-1.04E-05,0.00293161,0.999989,0.900608,0,0
3562.76,490302,4416170,1643.16,-0.00313612,-9.84E-06,0.0031361,0.99999,0.900608,0,0
3562.84,490302,4416170,1643.16,-0.00265888,-8.52E-06,0.0032043,0.999991,0.861545,0,0
3562.98,490302,4416170,1643.16,-0.0020453,-5.44E-06,0.00265892,0.999994,0.852865,0,0
3563.05,490302,4416170,1643.16,-0.00102265,-1.88E-06,0.00184081,0.999998,0.817057,0,0
3563.17,490302,4416170,1643.16,6.82E-05,7.44E-08,0.00109084,0.999999,0.798611,0,0
3563.26,490302,4416170,1643.16,0.000613592,4.18E-07,0.000681767,1,0.762804,0,0
3563.36,490302,4416170,1643.16,0.00109083,6.69E-07,0.000613574,0.999999,0.792101,0,0
3563.57,490301,4416170,1643.16,0.00163625,2.23E-07,0.000136345,0.999999,0.822483,0,0
3563.7,490301,4416170,1643.16,-0.00170442,1.16E-07,6.82E-05,-0.999999,0.870226,0,0
3564.17,490301,4416170,1643.18,-0.000204531,2.79E-08,0.000136345,-1,0.843099,0,0
3564.19,490301,4416170,1643.18,-0.000272708,5.58E-08,0.000204539,-1,0.809462,0,0
3564.26,490301,4416170,1643.18,-0.000204531,6.97E-08,0.000340884,-1,0.809462,0,0
3564.37,490301,4416170,1643.18,0.000613592,-8.37E-08,0.000136345,-1,0.838759,0,0
3564.45,490301,4416170,1643.18,-0.00190895,-5.21E-07,0.00027269,0.999998,0.85178,0,0
3564.57,490301,4416170,1643.18,-0.00299978,-1.43E-06,0.000477229,0.999995,0.869141,0,0
3564.65,490300,4416170,1643.18,-0.0038179,-2.34E-06,0.000613616,0.999993,0.889757,0,0
3564.77,490300,4416170,1643.18,-0.00518142,-4.59E-06,0.000886306,0.999986,0.911458,0,0
3564.85,490300,4416170,1643.18,-0.00647676,-9.71E-06,0.00149984,0.999978,0.920139,0,0
3564.97,490300,4416170,1643.18,-0.00715851,-1.22E-05,0.00170442,0.999973,0.914714,0,0
3565.06,490300,4416170,1643.18,-0.00688581,-1.17E-05,0.00170438,0.999975,0.872396,0,0
3565.17,490300,4416170,1643.19,-0.0063404,-1.21E-05,0.00190892,0.999978,0.820312,0,0
3565.57,490300,4416170,1643.19,-0.00388606,-1.17E-05,0.00299976,0.999988,0.693359,0,0
3565.65,490300,4416170,1643.19,-0.00313612,-8.55E-06,0.00272707,0.999991,0.687934,0,0
3565.76,490300,4416170,1643.19,-0.00170442,-3.95E-06,0.00231799,0.999996,0.698785,0,0
3565.85,490300,4416170,1643.19,-0.000477237,-1.01E-06,0.00211345,0.999998,0.700955,0,0
3565.95,490300,4416170,1643.19,0.000545414,1.19E-06,0.00218165,0.999997,0.737847,0,0
3566.17,490299,4416170,1643.19,0.00136354,2.79E-06,0.0020453,0.999997,0.767144,0,0
3566.25,490299,4416170,1643.19,0.000613592,9.62E-07,0.00156807,0.999999,0.747613,0,0
3566.37,490299,4416170,1643.19,-0.00115901,-1.19E-06,0.00102265,0.999999,0.760634,0,0
3566.45,490299,4416170,1643.19,-0.00286343,-9.76E-07,0.000340884,0.999996,0.756293,0,0
3566.56,490299,4416170,1643.19,0.00402243,-1.92E-06,0.000477229,-0.999992,0.746528,0,0
3566.65,490299,4416170,1643.19,0.00456784,-4.67E-06,0.00102265,-0.999989,0.731337,0,0
3566.77,490299,4416170,1643.19,0.00470419,-5.45E-06,0.001159,-0.999988,0.738932,0,0
3566.85,490299,4416170,1643.19,0.00436331,-4.76E-06,0.0010908,-0.99999,0.730252,0,0
3566.97,490299,4416170,1643.19,0.00415878,-3.69E-06,0.000886264,-0.999991,0.735677,0,0
3567.05,490299,4416170,1643.19,0.00395425,-0.000003235,0.000818112,-0.999992,0.724826,0,0
3567.17,490299,4416170,1643.19,0.00368154,-3.51E-06,0.0009545,-0.999993,0.738932,0,0
3567.25,490299,4416170,1643.19,0.00361337,-4.19E-06,0.001159,-0.999993,0.713976,0,0
3567.37,490299,4416170,1643.19,0.00368154,-5.02E-06,0.00136353,-0.999992,0.732422,0,0
3567.45,490298,4416170,1643.19,0.00361337,-4.68E-06,0.00129534,-0.999993,0.726997,0,0
3567.58,490298,4416170,1643.19,0.00354519,-4.59E-06,0.00129534,-0.999993,0.732422,0,0
3567.65,490298,4416170,1643.19,0.00340884,-4.42E-06,0.00129534,-0.999993,0.731337,0,0
3567.77,490298,4416170,1643.19,0.00306795,-3.97E-06,0.00129538,-0.999994,0.742188,0,0
3567.85,490298,4416170,1643.19,0.00299978,-4.09E-06,0.00136353,-0.999995,0.736762,0,0
3567.97,490298,4416170,1643.19,0.00320431,-4.59E-06,0.00143173,-0.999994,0.742188,0,0
3568.05,490298,4416170,1643.19,0.00327248,-4.91E-06,0.00149988,-0.999994,0.738932,0,0
3568.18,490298,4416170,1643.19,0.00368154,-6.02E-06,0.00163622,-0.999992,0.717231,0,0
3568.37,490298,4416170,1643.19,0.00381789,-7.29E-06,0.00190892,-0.999991,0.717231,0,0
3568.45,490298,4416170,1643.19,0.0040906,-7.81E-06,0.00190896,-0.99999,0.694444,0,0
3568.57,490298,4416170,1643.19,0.0043633,-8.33E-06,0.00190896,-0.999989,0.660807,0,0
3568.84,490297,4416170,1643.19,0.00374971,-8.69E-06,0.00231799,-0.99999,0.54796,0,0
3568.97,490297,4416170,1643.19,0.00374971,-8.44E-06,0.0022498,-0.99999,0.521918,0,0
3569.05,490297,4416170,1643.19,0.00395424,-8.90E-06,0.00224984,-0.99999,0.499132,0,0
3569.17,490297,4416170,1643.2,0.00415877,-9.07E-06,0.00218165,-0.999989,0.496962,0,0
3569.37,490297,4416170,1643.2,0.00518141,-1.13E-05,0.00218165,-0.999984,0.486111,0,0
3569.45,490297,4416170,1643.2,0.00518141,-1.34E-05,0.00259068,-0.999983,0.489366,0,0
3569.57,490297,4416170,1643.2,0.00449964,-1.29E-05,0.00286341,-0.999986,0.509983,0,0
3569.65,490297,4416170,1643.21,0.00354518,-1.04E-05,0.00293161,-0.999989,0.524089,0,0
3570.17,490297,4416170,1643.21,0.00218165,-6.99E-06,0.0032043,-0.999992,0.606554,0,0
3570.45,490297,4416170,1643.22,0.00381787,-0.000015097,0.00395422,-0.999985,0.576172,0,0
3570.57,490297,4416170,1643.22,0.00436328,-1.73E-05,0.00395418,-0.999983,0.568576,0,0
3570.85,490296,4416170,1643.22,0.00545408,-2.27E-05,0.00415871,-0.999976,0.571832,0,0
3570.97,490296,4416170,1643.22,0.00552225,-0.000023719,0.00429506,-0.999976,0.578342,0,0
3571.05,490296,4416170,1643.22,0.00552225,-2.41E-05,0.00436325,-0.999975,0.566406,0,0
3571.25,490296,4416170,1643.22,0.0048405,-2.08E-05,0.0042951,-0.999979,0.556641,0,0
3571.56,490296,4416170,1643.22,0.00368152,-1.36E-05,0.00368153,-0.999986,0.511068,0,0
3571.65,490296,4416170,1643.22,0.00354517,-1.31E-05,0.00368153,-0.999987,0.477431,0,0
3571.85,490296,4416170,1643.22,0.00340882,-1.25E-05,0.00368153,-0.999987,0.429688,0,0
3571.96,490296,4416170,1643.22,0.00327246,-1.20E-05,0.00368153,-0.999988,0.415582,0,0
3572.05,490296,4416170,1643.22,0.00306794,-1.13E-05,0.00368153,-0.999989,0.394965,0,0
3572.16,490296,4416170,1643.22,0.00272705,-1.02E-05,0.00374972,-0.999989,0.402561,0,0
3572.25,490296,4416170,1643.22,0.002318,-8.69E-06,0.00374972,-0.99999,0.400391,0,0
3572.37,490296,4416170,1643.22,0.00211347,-7.78E-06,0.00368153,-0.999991,0.419922,0,0
3572.45,490296,4416170,1643.22,0.00190894,-7.03E-06,0.00368153,-0.999991,0.432943,0,0
3572.57,490296,4416170,1643.22,0.00170441,-6.51E-06,0.00381787,-0.999991,0.441623,0,0
3572.65,490296,4416170,1643.22,0.00156806,-5.99E-06,0.00381791,-0.999991,0.455729,0,0
3572.76,490296,4416170,1643.22,0.00170441,-6.39E-06,0.00374972,-0.999992,0.465495,0,0
3572.85,490296,4416170,1643.22,0.00177259,-6.77E-06,0.00381791,-0.999991,0.467665,0,0
3572.97,490295,4416170,1643.22,0.00170441,-6.74E-06,0.00395426,-0.999991,0.46441,0,0
3573.05,490295,4416170,1643.23,0.00177258,-7.13E-06,0.00402245,-0.99999,0.453559,0,0
3573.17,490295,4416170,1643.23,0.00204529,-8.37E-06,0.0040906,-0.99999,0.445964,0,0
3573.19,490295,4416170,1643.23,0.00211347,-8.65E-06,0.00409056,-0.999989,0.417752,0,0
3573.36,490295,4416170,1643.23,0.0025907,-1.10E-05,0.00422695,-0.999988,0.406901,0,0
3573.46,490295,4416170,1643.23,0.0028634,-1.25E-05,0.00436329,-0.999986,0.412326,0,0
3573.58,490295,4416170,1643.23,0.00306793,-1.38E-05,0.00449964,-0.999985,0.426432,0,0
3573.65,490295,4416170,1643.23,0.00320428,-1.46E-05,0.00456783,-0.999984,0.431858,0,0
3573.77,490295,4416170,1643.23,0.00347698,-1.59E-05,0.00456783,-0.999984,0.432943,0,0
3573.84,490295,4416170,1643.23,0.0034088,-1.60E-05,0.00470418,-0.999983,0.423177,0,0
3573.96,490295,4416170,1643.23,0.00334062,-1.59E-05,0.00477237,-0.999983,0.437283,0,0
3574.05,490295,4416170,1643.23,0.00306792,-1.49E-05,0.00484052,-0.999984,0.445964,0,0
3574.16,490295,4416170,1643.24,0.00293157,-1.42E-05,0.00484052,-0.999984,0.458984,0,0
3574.25,490295,4416170,1643.24,0.00293157,-1.40E-05,0.00477237,-0.999984,0.432943,0,0
3574.36,490295,4416170,1643.24,0.00306792,-1.46E-05,0.00477233,-0.999984,0.423177,0,0
3574.45,490295,4416170,1643.23,0.00293157,-1.46E-05,0.00497687,-0.999983,0.417752,0,0
3574.56,490295,4416170,1643.24,0.00279521,-1.47E-05,0.0052496,-0.999982,0.422092,0,0
3574.65,490295,4416170,1643.24,0.00265886,-1.41E-05,0.00531779,-0.999982,0.432943,0,0
3574.76,490295,4416170,1643.24,0.00265886,-1.41E-05,0.00531779,-0.999982,0.434028,0,0
3574.85,490295,4416170,1643.24,0.00252251,-1.36E-05,0.0053859,-0.999982,0.415582,0,0
3574.97,490295,4416170,1643.23,0.0022498,-1.27E-05,0.00565864,-0.999981,0.419922,0,0
3575.05,490295,4416170,1643.23,0.00190892,-1.12E-05,0.00586317,-0.999981,0.421007,0,0
3575.16,490295,4416170,1643.24,0.00163622,-9.82E-06,0.00599952,-0.999981,0.440538,0,0
3575.36,490294,4416170,1643.23,0.000954458,-5.92E-06,0.00620406,-0.99998,0.425347,0,0
3575.45,490294,4416170,1643.23,0.000749932,-4.60E-06,0.00613586,-0.999981,0.416667,0,0
3575.56,490294,4416170,1643.23,0.000545405,-3.38E-06,0.00620406,-0.999981,0.407986,0,0
3575.64,490294,4416170,1643.23,0.000204527,-1.30E-06,0.00634045,-0.99998,0.39605,0,0
3575.76,490294,4416170,1643.23,-0.000136351,8.92E-07,0.0065449,-0.999979,0.378689,0,0
3575.85,490294,4416170,1643.23,-0.000340877,2.23E-06,0.00654494,-0.999979,0.342882,0,0
3575.96,490294,4416170,1643.23,-0.000613579,3.97E-06,0.00647679,-0.999979,0.323351,0,0
3576.05,490294,4416170,1643.23,-0.000681755,4.37E-06,0.0064086,-0.999979,0.31467,0,0
3576.2,490294,4416170,1643.23,-0.000818107,5.19E-06,0.0063404,-0.99998,0.321181,0,0
3576.24,490294,4416170,1643.23,-0.00102263,6.48E-06,0.00634045,-0.999979,0.313585,0,0
3576.36,490294,4416170,1643.23,-0.00129533,8.30E-06,0.00640855,-0.999979,0.321181,0,0
3576.45,490294,4416170,1643.23,-0.00149986,9.61E-06,0.0064086,-0.999978,0.31901,0,0
3576.56,490294,4416170,1643.23,-0.00184074,1.14E-05,0.00620406,-0.999979,0.322266,0,0
3576.64,490294,4416170,1643.23,-0.00231797,1.41E-05,0.00606771,-0.999979,0.328776,0,0
3576.76,490294,4416170,1643.23,-0.00293155,1.70E-05,0.00579498,-0.999979,0.335286,0,0
3576.85,490294,4416170,1643.23,-0.00340879,1.91E-05,0.00559044,-0.999979,0.329861,0,0
3576.96,490294,4416170,1643.23,-0.00388602,2.12E-05,0.0054541,-0.999978,0.329861,0,0
3577.04,490294,4416170,1643.23,-0.00429507,2.25E-05,0.00524956,-0.999977,0.325521,0,0
3577.17,490294,4416170,1643.23,-0.0044996,2.33E-05,0.00518136,-0.999976,0.329861,0,0
3577.24,490294,4416170,1643.23,-0.00443143,2.24E-05,0.00504502,-0.999977,0.323351,0,0
3577.36,490294,4416170,1643.23,-0.00429508,2.17E-05,0.00504502,-0.999978,0.332031,0,0
3577.44,490294,4416170,1643.23,-0.00436325,2.20E-05,0.00504502,-0.999978,0.330946,0,0
3577.56,490294,4416170,1643.23,-0.00415873,2.10E-05,0.00504502,-0.999979,0.330946,0,0
3577.64,490294,4416170,1643.23,-0.00409055,2.04E-05,0.00497687,-0.999979,0.321181,0,0
3577.76,490294,4416170,1643.23,-0.00422691,0.000020749,0.00490867,-0.999979,0.30816,0,0
3577.84,490294,4416170,1643.23,-0.00436326,2.11E-05,0.00484048,-0.999979,0.279948,0,0
3577.96,490294,4416170,1643.24,-0.00463596,2.18E-05,0.00470414,-0.999978,0.257161,0,0
3578.04,490294,4416170,1643.24,-0.00484049,2.21E-05,0.00456775,-0.999978,0.23329,0,0
3578.16,490294,4416170,1643.24,-0.0051132,2.27E-05,0.00443145,-0.999977,0.211589,0,0
3578.24,490294,4416170,1643.24,-0.00531772,2.36E-05,0.0044314,-0.999976,0.184462,0,0
3578.36,490294,4416170,1643.24,-0.0053859,2.35E-05,0.00436325,-0.999976,0.172526,0,0
3578.45,490294,4416170,1643.24,-0.00524955,2.29E-05,0.00436325,-0.999977,0.167101,0,0
3578.56,490294,4416170,1643.24,-0.0051132,2.23E-05,0.00436325,-0.999977,0.170356,0,0
3578.64,490294,4416170,1643.24,-0.00504502,2.27E-05,0.0044996,-0.999977,0.176866,0,0
3578.76,490294,4416170,1643.24,-0.00518137,0.000023668,0.00456779,-0.999976,0.187717,0,0
3578.84,490293,4416170,1643.24,-0.00538589,2.50E-05,0.00463594,-0.999975,0.193142,0,0
3578.96,490293,4416170,1643.24,-0.00565859,2.62E-05,0.00463594,-0.999973,0.206163,0,0
3579.04,490293,4416170,1643.24,-0.00586312,0.000026782,0.00456775,-0.999972,0.207248,0,0
3579.16,490293,4416170,1643.24,-0.00599947,2.70E-05,0.00449956,-0.999972,0.197483,0,0
3579.24,490293,4416170,1643.24,-0.00606765,2.69E-05,0.0044314,-0.999972,0.163845,0,0
3579.36,490293,4416170,1643.24,-0.00606765,2.77E-05,0.00456779,-0.999971,0.133464,0,0
3579.45,490293,4416170,1643.24,-0.00599947,0.000027814,0.00463594,-0.999971,0.0954861,0,0
3579.56,490293,4416170,1643.24,-0.00593129,2.79E-05,0.00470409,-0.999971,0.0434028,0,0
3579.65,490293,4416170,1643.24,-0.00586312,2.72E-05,0.00463594,-0.999972,0.00868056,0,0
3579.76,490293,4416170,1643.24,-0.00586312,2.72E-05,0.00463594,-0.999972,0.0282118,0,0
3579.85,490293,4416170,1643.24,-0.00586312,0.000026782,0.00456775,-0.999972,0.0412326,0,0
3579.96,490293,4416170,1643.24,-0.00579495,2.65E-05,0.00456775,-0.999973,0.0423177,0,0
3580.04,490293,4416170,1643.24,-0.00572677,2.62E-05,0.00456779,-0.999973,0.0303819,0,0
3580.17,490293,4416170,1643.24,-0.00565859,2.66E-05,0.00470409,-0.999973,0.0119358,0,0
3580.24,490293,4416170,1643.24,-0.00559042,2.63E-05,0.00470414,-0.999973,0.0108507,0,0
3580.36,490293,4416170,1643.24,-0.00565859,2.66E-05,0.00470409,-0.999973,0.0173611,0,0
3580.45,490293,4416170,1643.24,-0.00572677,2.65E-05,0.00463594,-0.999973,0.00976562,0,0
3580.56,490293,4416170,1643.24,-0.00572677,2.65E-05,0.00463594,-0.999973,0.00542535,0,0
3580.64,490293,4416170,1643.24,-0.00572677,2.65E-05,0.00463594,-0.999973,0.00434028,0,0
3580.76,490293,4416170,1643.24,-0.00572677,2.65E-05,0.00463594,-0.999973,0.00759549,0,0
3580.84,490293,4416170,1643.24,-0.00572677,2.69E-05,0.00470414,-0.999973,0.00434028,0,0
3580.97,490293,4416170,1643.24,-0.00572677,2.69E-05,0.00470414,-0.999973,0.00651042,0,0
3581.04,490293,4416170,1643.24,-0.00572677,2.65E-05,0.00463594,-0.999973,0.0108507,0,0
3581.17,490293,4416170,1643.24,-0.00579495,2.65E-05,0.00456775,-0.999973,0.00759549,0,0
3581.24,490293,4416170,1643.24,-0.00579495,2.65E-05,0.00456775,-0.999973,0.00325521,0,0
3581.36,490293,4416170,1643.24,-0.00572677,2.62E-05,0.00456779,-0.999973,0.00651042,0,0
3581.44,490293,4416170,1643.24,-0.00572677,2.62E-05,0.00456779,-0.999973,0.00976562,0,0
3581.56,490293,4416170,1643.24,-0.00572677,2.62E-05,0.00456779,-0.999973,0.00542535,0,0
3581.64,490293,4416170,1643.24,-0.00572677,2.62E-05,0.00456779,-0.999973,0.00542535,0,0
3581.76,490293,4416170,1643.24,-0.00572677,2.58E-05,0.00449956,-0.999973,0.00542535,0,0
3581.84,490293,4416170,1643.24,-0.0059313,2.67E-05,0.00449956,-0.999972,0.00542535,0,0
3581.96,490293,4416170,1643.24,-0.0059313,2.67E-05,0.00449956,-0.999972,0.00434028,0,0
3582.04,490293,4416170,1643.24,-0.0059313,2.67E-05,0.00449956,-0.999972,0.00434028,0,0
3582.16,490293,4416170,1643.24,-0.00586312,2.64E-05,0.0044996,-0.999973,0.00759549,0,0
3582.24,490293,4416170,1643.24,-0.00586312,2.64E-05,0.0044996,-0.999973,0.00434028,0,0
3582.36,490293,4416170,1643.24,-0.00586312,2.60E-05,0.0044314,-0.999973,0.00434028,0,0
3582.44,490293,4416170,1643.24,-0.00586312,2.60E-05,0.0044314,-0.999973,0.00325521,0,0
3582.56,490293,4416170,1643.24,-0.0059313,2.67E-05,0.00449956,-0.999972,0.00542535,0,0
3582.65,490293,4416170,1643.24,-0.0059313,2.67E-05,0.00449956,-0.999972,0.00434028,0,0
3582.76,490293,4416170,1643.24,-0.0059313,2.67E-05,0.00449956,-0.999972,0.00434028,0,0
3582.84,490293,4416170,1643.24,-0.00586312,2.60E-05,0.0044314,-0.999973,0.00325521,0,0
3582.96,490293,4416170,1643.24,-0.00586312,2.60E-05,0.0044314,-0.999973,0.00217014,0,0
3583.05,490293,4416170,1643.24,-0.00586312,2.60E-05,0.0044314,-0.999973,0.00108507,0,0
3583.16,490293,4416170,1643.24,-0.00586312,2.60E-05,0.0044314,-0.999973,0.00325521,0,0
3583.25,490293,4416170,1643.24,-0.00579495,2.57E-05,0.00443145,-0.999973,0.00108507,0,0
3583.36,490293,4416170,1643.24,-0.00579495,2.57E-05,0.00443145,-0.999973,0.00108507,0,0
3583.45,490293,4416170,1643.24,-0.00579495,2.57E-05,0.00443145,-0.999973,0.00108507,0,0
3583.56,490293,4416170,1643.24,-0.00579495,2.57E-05,0.00443145,-0.999973,0,0,0
3583.65,490293,4416170,1643.24,-0.00579495,2.57E-05,0.00443145,-0.999973,0,0,0
3583.76,490293,4416170,1643.24,-0.00579495,2.57E-05,0.00443145,-0.999973,0,0,0
3583.84,490293,4416170,1643.24,-0.00579495,2.57E-05,0.00443145,-0.999973,0.00108507,0,0
3583.96,490293,4416170,1643.24,-0.00572677,2.54E-05,0.0044314,-0.999974,0.00217014,0,0
3584.04,490293,4416170,1643.24,-0.00572678,2.50E-05,0.00436325,-0.999974,0.00217014,0,0
3584.17,490293,4416170,1643.24,-0.00579495,2.53E-05,0.00436321,-0.999974,0.00217014,0,0
3584.24,490293,4416170,1643.24,-0.00572678,2.46E-05,0.00429506,-0.999974,0.00108507,0,0
3584.36,490293,4416170,1643.24,-0.00579495,2.49E-05,0.00429506,-0.999974,0.00108507,0,0
3584.44,490293,4416170,1643.24,-0.00579495,2.49E-05,0.00429506,-0.999974,0.00217014,0,0
3584.56,490293,4416170,1643.24,-0.00579495,2.45E-05,0.00422691,-0.999974,0.00108507,0,0
3584.64,490293,4416170,1643.24,-0.00579495,2.45E-05,0.00422691,-0.999974,0,0,0
3584.76,490293,4416170,1643.24,-0.00579495,2.45E-05,0.00422691,-0.999974,0,0,0
3584.84,490293,4416170,1643.24,-0.00579496,2.41E-05,0.00415871,-0.999975,0,0,0
3584.96,490293,4416170,1643.24,-0.00579496,2.41E-05,0.00415871,-0.999975,0,0,0
3585.04,490293,4416170,1643.24,-0.00579495,2.45E-05,0.00422691,-0.999974,0,0,0
3585.16,490293,4416170,1643.24,-0.00579496,2.41E-05,0.00415871,-0.999975,0,0,0
3585.24,490293,4416170,1643.24,-0.00579496,2.41E-05,0.00415871,-0.999975,0,0,0
3585.36,490293,4416170,1643.24,-0.00579496,2.41E-05,0.00415871,-0.999975,0,0,0
3585.45,490293,4416170,1643.24,-0.00579496,2.41E-05,0.00415871,-0.999975,0,0,0
3585.56,490293,4416170,1643.24,-0.00579496,2.41E-05,0.00415871,-0.999975,0,0,0
3585.65,490293,4416170,1643.24,-0.00579496,2.41E-05,0.00415871,-0.999975,0,0,0
3585.76,490293,4416170,1643.24,-0.00579496,2.41E-05,0.00415871,-0.999975,0,0,0
3585.84,490293,4416170,1643.24,-0.00572678,2.38E-05,0.00415871,-0.999975,0,0,0
3585.96,490293,4416170,1643.24,-0.00579496,2.41E-05,0.00415871,-0.999975,0,0,0
3586.04,490293,4416170,1643.24,-0.00579496,2.41E-05,0.00415871,-0.999975,0,0,0
3586.16,490293,4416170,1643.24,-0.00579496,2.41E-05,0.00415871,-0.999975,0,0,0
3586.25,490293,4416170,1643.24,-0.00579496,2.37E-05,0.00409052,-0.999975,0,0,0
3586.37,490293,4416170,1643.24,-0.00579496,2.37E-05,0.00409052,-0.999975,0,0,0
3586.44,490293,4416170,1643.24,-0.00579496,2.37E-05,0.00409052,-0.999975,0.00108507,0,0
3586.56,490293,4416170,1643.24,-0.00579496,2.37E-05,0.00409052,-0.999975,0.00108507,0,0
3586.64,490293,4416170,1643.24,-0.00579496,2.37E-05,0.00409052,-0.999975,0,0,0
3586.76,490293,4416170,1643.24,-0.00579496,2.37E-05,0.00409052,-0.999975,0,0,0
3586.84,490293,4416170,1643.24,-0.00579496,2.37E-05,0.00409052,-0.999975,0.00217014,0,0
3586.94,490293,4416170,1643.24,-0.00579496,2.37E-05,0.00409052,-0.999975,0.00108507,0,0
